Date,TA
2016-01-01,276.65495950886407
2016-01-02,279.574706670194
2016-01-03,278.46291746926
2016-01-04,277.1504473416264
2016-01-05,272.06871748168857
2016-01-06,271.8891088076651
2016-01-07,270.83633646060673
2016-01-08,268.9804520815195
2016-01-09,270.50484183051844
2016-01-10,271.4015051193898
2016-01-11,272.46779416689753
2016-01-12,271.6466917677758
2016-01-13,271.83418977969563
2016-01-14,270.57169691638563
2016-01-15,261.26135423062146
2016-01-16,254.21652292810424
2016-01-17,255.08354224943113
2016-01-18,256.9597138884886
2016-01-19,261.0809615260102
2016-01-20,262.9651264693785
2016-01-21,259.8199702757764
2016-01-22,261.15520088511937
2016-01-23,268.95884634289234
2016-01-24,274.0285859849665
2016-01-25,276.42692869978146
2016-01-26,274.64952344016865
2016-01-27,276.78547208311966
2016-01-28,274.6121095327995
2016-01-29,273.3067063924405
2016-01-30,272.52259048419216
2016-01-31,272.98244037989326
2016-02-01,273.6597505840208
2016-02-02,275.69464655264255
2016-02-03,272.59319058428446
2016-02-04,270.76532821017344
2016-02-05,272.010540269178
2016-02-06,271.34556087113265
2016-02-07,269.85142734611185
2016-02-08,271.2329240604258
2016-02-09,272.375516534297
2016-02-10,267.81366387522166
2016-02-11,269.6697935786421
2016-02-12,272.71533915052345
2016-02-13,276.60140445778563
2016-02-14,275.2732789159601
2016-02-15,273.3465674643769
2016-02-16,270.6662951263649
2016-02-17,268.9573250543166
2016-02-18,272.1625113094539
2016-02-19,271.90445995626436
2016-02-20,274.7510291558982
2016-02-21,278.100525053241
2016-02-22,278.9198289369112
2016-02-23,273.9410301699943
2016-02-24,272.4100956347577
2016-02-25,274.32354469492816
2016-02-26,270.5213332942833
2016-02-27,269.8862885498155
2016-02-28,269.34479458398465
2016-03-01,270.0946619314392
2016-03-02,270.5018030312254
2016-03-03,268.58754079071383
2016-03-04,269.694221945438
2016-03-05,269.40264027853937
2016-03-06,269.47101789083683
2016-03-07,271.1121944477042
2016-03-08,272.5983945008701
2016-03-09,273.8208268719068
2016-03-10,275.7919139644911
2016-03-11,275.2626633936104
2016-03-12,276.64088237048225
2016-03-13,274.92002384650925
2016-03-14,279.19027578477505
2016-03-15,282.04250420837786
2016-03-16,280.41826470675414
2016-03-17,278.81349094716086
2016-03-18,280.3111143136558
2016-03-19,278.87522650190436
2016-03-20,276.7018273055123
2016-03-21,276.5892777989272
2016-03-22,276.8940511738606
2016-03-23,274.9954394242847
2016-03-24,274.26607744315635
2016-03-25,275.1466989303294
2016-03-26,275.9786666037131
2016-03-27,276.7651874162563
2016-03-28,277.1006559714872
2016-03-29,277.89594026683454
2016-03-30,279.82281153457006
2016-03-31,280.96044655245464
2016-04-01,279.8869659716841
2016-04-02,282.83271433418287
2016-04-03,284.56813792601974
2016-04-04,282.8566562483515
2016-04-05,280.68485859038196
2016-04-06,278.5161654454931
2016-04-07,279.96324282696014
2016-04-08,280.1832056708464
2016-04-09,279.3934242469686
2016-04-10,280.913970939378
2016-04-11,284.7872742493214
2016-04-12,283.75531715353446
2016-04-13,281.98438758001504
2016-04-14,282.20071622764254
2016-04-15,286.00227024546047
2016-04-16,285.53729679634995
2016-04-17,281.5487288149184
2016-04-18,281.6665401870081
2016-04-19,284.88846107765886
2016-04-20,287.05458782911484
2016-04-21,288.09721979959687
2016-04-22,288.05241519285585
2016-04-23,287.5417234397101
2016-04-24,284.4356800092058
2016-04-25,280.2406048442891
2016-04-26,277.34920813728303
2016-04-27,278.04127847680985
2016-04-28,280.68237299058944
2016-04-29,282.39472617938196
2016-04-30,282.4173833195342
2016-05-01,281.4012499512858
2016-05-02,284.87966798315813
2016-05-03,286.2795420894107
2016-05-04,286.3395713097196
2016-05-05,286.61203855029567
2016-05-06,286.3813039959505
2016-05-07,288.0780568944789
2016-05-08,289.4243266397686
2016-05-09,289.97148982415274
2016-05-10,289.83594735124217
2016-05-11,288.36777100676414
2016-05-12,287.8717687545089
2016-05-13,287.61538923551717
2016-05-14,286.29040116831703
2016-05-15,286.07262914189937
2016-05-16,286.33449191434414
2016-05-17,288.51152007610165
2016-05-18,289.21158551140917
2016-05-19,287.66231856548154
2016-05-20,288.7773513609901
2016-05-21,291.7108168912467
2016-05-22,290.3457531955062
2016-05-23,287.9362853294001
2016-05-24,289.60357149965125
2016-05-25,291.9602870859331
2016-05-26,293.3154708378447
2016-05-27,292.59846973615714
2016-05-28,289.8840147443313
2016-05-29,287.9865016321223
2016-05-30,285.69221708217674
2016-05-31,286.21528896256405
2016-06-01,287.71505449922216
2016-06-02,288.6502908953224
2016-06-03,289.4768206060332
2016-06-04,291.10956024745747
2016-06-05,292.9223658648965
2016-06-06,293.9922223210807
2016-06-07,295.2768370768919
2016-06-08,295.16020261457976
2016-06-09,292.7832820297721
2016-06-10,292.9247021609068
2016-06-11,293.2762183993151
2016-06-12,292.9198720226983
2016-06-13,291.84994346451646
2016-06-14,290.2968405031183
2016-06-15,289.58385088258257
2016-06-16,289.72862577068446
2016-06-17,290.7857175721131
2016-06-18,292.6991593215839
2016-06-19,296.5481297996977
2016-06-20,298.8340857707408
2016-06-21,300.88209933199465
2016-06-22,299.79242890847206
2016-06-23,300.88360371521696
2016-06-24,299.7473497651926
2016-06-25,297.1718861211038
2016-06-26,294.3060034842817
2016-06-27,295.5936356754926
2016-06-28,297.0404574487967
2016-06-29,297.9010268838142
2016-06-30,298.9042086241137
2016-07-01,298.07794488776176
2016-07-02,294.5935226479336
2016-07-03,295.47893940444584
2016-07-04,298.4574630407281
2016-07-05,300.697278407479
2016-07-06,302.0447809067772
2016-07-07,303.9146884606938
2016-07-08,304.88606815241246
2016-07-09,305.7251046436989
2016-07-10,305.7184107523143
2016-07-11,301.95594638958363
2016-07-12,298.1191802442698
2016-07-13,296.237714262557
2016-07-14,298.0601680030971
2016-07-15,297.37229277921443
2016-07-16,298.5271949730919
2016-07-17,300.68434972664136
2016-07-18,300.9093080672853
2016-07-19,301.8196668191623
2016-07-20,302.122292528941
2016-07-21,299.0608256015047
2016-07-22,298.34251518469245
2016-07-23,299.31994633997283
2016-07-24,302.8838976086825
2016-07-25,303.09496708440025
2016-07-26,302.1296343444795
2016-07-27,304.58890043054316
2016-07-28,303.11167450509134
2016-07-29,301.68233297548403
2016-07-30,303.9259445251473
2016-07-31,301.59455652866484
2016-08-01,299.9517733212498
2016-08-02,299.76862795216044
2016-08-03,303.3024280996092
2016-08-04,300.56279997267956
2016-08-05,296.52134523529116
2016-08-06,296.0445006778401
2016-08-07,297.5302256015625
2016-08-08,297.5038046465794
2016-08-09,298.0068105628271
2016-08-10,296.17108500585465
2016-08-11,295.3043104752288
2016-08-12,299.3763548508896
2016-08-13,302.34486051008156
2016-08-14,303.30383719033125
2016-08-15,303.1538771943795
2016-08-16,303.75504921698916
2016-08-17,303.359882117124
2016-08-18,301.43976627497875
2016-08-19,299.85928852509545
2016-08-20,299.7885937006481
2016-08-21,299.45681591973874
2016-08-22,302.24010022120893
2016-08-23,308.8668373984583
2016-08-24,306.9348255577339
2016-08-25,302.8935305528762
2016-08-26,300.9610233669128
2016-08-27,301.43394811151484
2016-08-28,301.7550267953585
2016-08-29,301.41844531359743
2016-08-30,303.2605373273601
2016-08-31,305.5270351821647
2016-09-01,305.90453914851014
2016-09-02,303.4981029077839
2016-09-03,301.85859036782966
2016-09-04,300.48741643310314
2016-09-05,300.39253577574584
2016-09-06,300.9074337495114
2016-09-07,301.1363050242048
2016-09-08,301.7208810821105
2016-09-09,300.36870977782434
2016-09-10,299.65707614382956
2016-09-11,298.75550127888243
2016-09-12,299.6822098918945
2016-09-13,297.13083090984463
2016-09-14,293.2063124338477
2016-09-15,290.48784357470754
2016-09-16,288.4114183952185
2016-09-17,288.5574116032161
2016-09-18,289.4314687371798
2016-09-19,290.26014140920813
2016-09-20,289.8042888864459
2016-09-21,289.9712815146156
2016-09-22,291.22044288611465
2016-09-23,292.7999675454462
2016-09-24,292.24752932183645
2016-09-25,291.61315552594874
2016-09-26,290.8276690506592
2016-09-27,290.57465961200825
2016-09-28,291.58509746217004
2016-09-29,292.6017792615277
2016-09-30,292.52358765706845
2016-10-01,290.36651909883716
2016-10-02,286.277332977728
2016-10-03,284.5674086495445
2016-10-04,286.92732039250285
2016-10-05,289.9453612884654
2016-10-06,288.5622272585041
2016-10-07,287.93039104795554
2016-10-08,284.7345209273176
2016-10-09,280.67898722235316
2016-10-10,279.66053319741
2016-10-11,281.03445690109726
2016-10-12,282.56393804554295
2016-10-13,285.6580964247499
2016-10-14,284.55824272253744
2016-10-15,284.36212471316657
2016-10-16,286.6602622571351
2016-10-17,288.4566097865796
2016-10-18,286.7473867734319
2016-10-19,286.6934311231828
2016-10-20,285.9957676975403
2016-10-21,286.6298255254851
2016-10-22,286.54573510763885
2016-10-23,285.1958719237483
2016-10-24,286.1161439960454
2016-10-25,284.44671182457125
2016-10-26,284.31987367426643
2016-10-27,285.1001704068347
2016-10-28,284.53759197932646
2016-10-29,283.24695379496944
2016-10-30,283.3347136077484
2016-10-31,284.7644203996257
2016-11-01,284.47576735207895
2016-11-02,282.4790947431619
2016-11-03,277.97647985317485
2016-11-04,276.5408441237507
2016-11-05,277.7737677331127
2016-11-06,273.1272588527107
2016-11-07,271.3985024298644
2016-11-08,272.3384930116883
2016-11-09,274.43920165612843
2016-11-10,277.37237209784206
2016-11-11,277.6171363450684
2016-11-12,274.7509849055142
2016-11-13,276.4372865556547
2016-11-14,274.4180307496102
2016-11-15,275.65341408606025
2016-11-16,279.0798767935308
2016-11-17,281.40309351542703
2016-11-18,280.8264959258698
2016-11-19,277.1931302403336
2016-11-20,275.8414398025851
2016-11-21,275.4874578222246
2016-11-22,275.17036599595804
2016-11-23,275.4487465396164
2016-11-24,274.1977253156049
2016-11-25,269.59971998086905
2016-11-26,266.01948274521186
2016-11-27,263.58517174840034
2016-11-28,263.1113930270202
2016-11-29,261.8701335550551
2016-11-30,261.7290424028469
2016-12-01,262.38668279121873
2016-12-02,264.7014632494922
2016-12-03,267.6362360100663
2016-12-04,267.4022049360526
2016-12-05,268.5362462368423
2016-12-06,268.2988975926127
2016-12-07,264.67351075083934
2016-12-08,265.5956485267152
2016-12-09,269.4703602587104
2016-12-10,269.82328150406573
2016-12-11,271.0563667909155
2016-12-12,268.1865470362816
2016-12-13,265.3396536297425
2016-12-14,264.7220108310262
2016-12-15,263.20239024960125
2016-12-16,263.87628240128515
2016-12-17,264.3876345584394
2016-12-18,264.4074914222173
2016-12-19,264.94014528886294
2016-12-20,264.3141003760616
2016-12-21,264.0733717980432
2016-12-22,263.61714524410803
2016-12-23,260.9127741499536
2016-12-24,261.377490029333
2016-12-25,265.1682577270572
2016-12-26,266.51361519043513
2016-12-27,270.3303874168122
2016-12-28,269.56007726069504
2016-12-29,266.94263707524357
2016-12-30,265.52214999962627
2016-12-31,266.2425757037875
2017-01-01,273.433930799865
2017-01-02,273.01787333644023
2017-01-03,270.6127941667945
2017-01-04,270.3371371496972
2017-01-05,268.30775586711036
2017-01-06,267.4774432824941
2017-01-07,268.1752952297475
2017-01-08,267.9683710493316
2017-01-09,269.6825898333883
2017-01-10,268.8762999177144
2017-01-11,270.12198396440056
2017-01-12,268.7378650902719
2017-01-13,269.62707871458366
2017-01-14,271.48769599229126
2017-01-15,270.5135217585132
2017-01-16,267.78213005069927
2017-01-17,267.1159098697982
2017-01-18,268.3508447525293
2017-01-19,270.47533180315213
2017-01-20,270.0180043421822
2017-01-21,270.0490200253095
2017-01-22,267.90033093650595
2017-01-23,274.74144107070197
2017-01-24,275.3203538504507
2017-01-25,272.24253648317074
2017-01-26,271.3373894161831
2017-01-27,273.0591205488309
2017-01-28,272.68071332679636
2017-01-29,271.24982151171565
2017-01-30,270.5562517156118
2017-01-31,273.40024952093563
2017-02-01,277.42785969350706
2017-02-02,275.82804456611007
2017-02-03,274.3409153713761
2017-02-04,271.4941565123104
2017-02-05,271.92022775952654
2017-02-06,272.33714348739886
2017-02-07,272.0043782350373
2017-02-08,272.8774026425987
2017-02-09,272.86929012870985
2017-02-10,271.0718587239241
2017-02-11,272.8789060660861
2017-02-12,273.0166384634661
2017-02-13,273.70789379069123
2017-02-14,275.16766682555686
2017-02-15,273.54645927109556
2017-02-16,272.9616385298004
2017-02-17,271.9324169269269
2017-02-18,271.2451118250703
2017-02-19,274.28305899519245
2017-02-20,277.7697306733621
2017-02-21,279.40379495177064
2017-02-22,278.9520107259306
2017-02-23,278.44778773711977
2017-02-24,277.4491727061863
2017-02-25,276.95054150941024
2017-02-26,274.6929698271916
2017-02-27,272.1623372838233
2017-02-28,273.84770747189935
2017-03-01,272.2103166849373
2017-03-02,274.3533459962603
2017-03-03,275.4018779502027
2017-03-04,275.2361857846822
2017-03-05,274.35562400946225
2017-03-06,268.87084935811424
2017-03-07,269.2855892129796
2017-03-08,272.56890680346174
2017-03-09,274.3417987474789
2017-03-10,276.3142585698522
2017-03-11,273.0072716554697
2017-03-12,272.82888900025307
2017-03-13,274.57671255874345
2017-03-14,274.46608360405315
2017-03-15,275.15148192031455
2017-03-16,273.77327743733144
2017-03-17,274.00409601451474
2017-03-18,274.1809042538468
2017-03-19,272.0316911307138
2017-03-20,270.7886235067448
2017-03-21,270.94358212065714
2017-03-22,270.75689145903215
2017-03-23,272.1779199169359
2017-03-24,273.9198910529682
2017-03-25,276.00964140815097
2017-03-26,277.16733022355123
2017-03-27,274.46272104826886
2017-03-28,274.66157820502474
2017-03-29,276.66534384636986
2017-03-30,279.3397941321423
2017-03-31,280.19615642394757
2017-04-01,279.51163178069726
2017-04-02,281.2125838023756
2017-04-03,285.8621446213976
2017-04-04,281.7796125093093
2017-04-05,284.0937701051706
2017-04-06,285.8960456736365
2017-04-07,285.93827329587
2017-04-08,285.9238670753783
2017-04-09,286.65364261928187
2017-04-10,288.3319892973183
2017-04-11,289.3128365262618
2017-04-12,287.16010430189556
2017-04-13,285.2531627150044
2017-04-14,284.97508104429687
2017-04-15,287.10835900142723
2017-04-16,286.24600979820957
2017-04-17,284.5992805658851
2017-04-18,284.72437150589604
2017-04-19,288.326642899919
2017-04-20,291.05855511380724
2017-04-21,289.3461752053043
2017-04-22,288.8317559617996
2017-04-23,286.0296129887667
2017-04-24,283.61080274690056
2017-04-25,281.09656371256966
2017-04-26,279.33840033271343
2017-04-27,279.5604090389381
2017-04-28,280.93832498713726
2017-04-29,280.30932103713377
2017-04-30,281.91146885102154
2017-05-01,283.6360284144192
2017-05-02,283.8035879498487
2017-05-03,283.0331209005964
2017-05-04,284.5363189722014
2017-05-05,288.95836112157747
2017-05-06,291.8335588729508
2017-05-07,293.3331283637371
2017-05-08,294.0640545982894
2017-05-09,293.9533091874189
2017-05-10,291.28322170996444
2017-05-11,287.4344608757246
2017-05-12,287.06333321573123
2017-05-13,287.7669339646974
2017-05-14,287.3457533110941
2017-05-15,285.56551760508336
2017-05-16,287.11553973368274
2017-05-17,292.0345002624189
2017-05-18,291.7306696048973
2017-05-19,288.58378094004087
2017-05-20,290.03989003469985
2017-05-21,291.8974134162091
2017-05-22,289.751628726915
2017-05-23,286.6423772122075
2017-05-24,286.7158953556197
2017-05-25,287.0985906351624
2017-05-26,288.5390350472752
2017-05-27,291.01693870657283
2017-05-28,292.0484850007489
2017-05-29,291.3530369393943
2017-05-30,291.84830552799514
2017-05-31,290.8981859612835
2017-06-01,290.816662783267
2017-06-02,292.6060927822021
2017-06-03,290.9822775522982
2017-06-04,288.60540920702067
2017-06-05,290.2208434335397
2017-06-06,292.1545347353346
2017-06-07,292.41776892778483
2017-06-08,291.84305140874136
2017-06-09,292.9630035364101
2017-06-10,292.87555571297224
2017-06-11,290.84130185042534
2017-06-12,289.56900052363085
2017-06-13,290.59116342663054
2017-06-14,289.9023184677455
2017-06-15,289.4458892365611
2017-06-16,290.1442988433838
2017-06-17,292.4497247748116
2017-06-18,294.2581528576968
2017-06-19,297.53438641518403
2017-06-20,299.0268156790373
2017-06-21,297.8336463300255
2017-06-22,299.88206985361603
2017-06-23,303.20286688002625
2017-06-24,301.92751735841193
2017-06-25,299.2456136531769
2017-06-26,299.82557474524407
2017-06-27,300.62833057785986
2017-06-28,301.49548393088094
2017-06-29,301.3907400730838
2017-06-30,297.31663800440845
2017-07-01,296.52409547232304
2017-07-02,294.0739770245907
2017-07-03,292.78958758779174
2017-07-04,294.83786733171326
2017-07-05,297.44119356472106
2017-07-06,297.81858322613505
2017-07-07,296.65733529309625
2017-07-08,298.0680074676663
2017-07-09,301.21619666624764
2017-07-10,302.5435561589968
2017-07-11,300.1454771890608
2017-07-12,299.532733408271
2017-07-13,296.10430087808464
2017-07-14,295.7742646124086
2017-07-15,299.6417178208772
2017-07-16,302.0793924856543
2017-07-17,302.63768034058813
2017-07-18,305.877159595213
2017-07-19,310.9783570912471
2017-07-20,307.61782417234497
2017-07-21,299.540938820256
2017-07-22,298.5784524782387
2017-07-23,298.75566907244894
2017-07-24,301.0547327782887
2017-07-25,303.96187772573364
2017-07-26,301.70944568434805
2017-07-27,299.45103348928455
2017-07-28,300.65822585386866
2017-07-29,299.7726347310055
2017-07-30,297.9470744477885
2017-07-31,296.8877502760628
2017-08-01,297.8736279269521
2017-08-02,300.2303422266379
2017-08-03,304.6118435176164
2017-08-04,299.1221013864426
2017-08-05,298.3651217783697
2017-08-06,300.64653230581797
2017-08-07,303.7396764073194
2017-08-08,306.7992589757963
2017-08-09,305.83710839370605
2017-08-10,302.38152124916934
2017-08-11,301.52451357524797
2017-08-12,301.82249342642945
2017-08-13,301.1622090575008
2017-08-14,300.89208263851316
2017-08-15,300.90463678988334
2017-08-16,302.43534890282365
2017-08-17,302.88375132405497
2017-08-18,301.2944504988638
2017-08-19,301.244836327804
2017-08-20,301.64564593276685
2017-08-21,299.10782580512495
2017-08-22,298.67703666612675
2017-08-23,302.781495312245
2017-08-24,305.54802375607557
2017-08-25,305.7471958496409
2017-08-26,303.7368532110031
2017-08-27,302.86548735244867
2017-08-28,300.93702013501377
2017-08-29,299.8824229244411
2017-08-30,300.62029920299034
2017-08-31,301.7152950506346
2017-09-01,300.55467768677687
2017-09-02,298.22899125015795
2017-09-03,297.8397053743172
2017-09-04,297.09180645883663
2017-09-05,294.9486636779663
2017-09-06,295.4979531360539
2017-09-07,297.86400683483697
2017-09-08,299.7962207732748
2017-09-09,300.83907865866075
2017-09-10,299.6715086857457
2017-09-11,298.2077750980406
2017-09-12,297.3601640893522
2017-09-13,296.2027127097215
2017-09-14,294.37513217119584
2017-09-15,293.6899053257721
2017-09-16,292.08610560375865
2017-09-17,290.77983706201377
2017-09-18,290.196728576514
2017-09-19,290.90098880932857
2017-09-20,291.1971623387332
2017-09-21,291.24049219273974
2017-09-22,291.0200398199981
2017-09-23,292.41452325554553
2017-09-24,291.7346592292596
2017-09-25,291.8240151669094
2017-09-26,293.07836424737786
2017-09-27,294.7050447332907
2017-09-28,296.2933860575787
2017-09-29,296.23008854004775
2017-09-30,294.689905974028
2017-10-01,294.2199561304456
2017-10-02,292.4226705445362
2017-10-03,290.45724108586586
2017-10-04,289.28693403133076
2017-10-05,290.10702417844374
2017-10-06,287.1513602502019
2017-10-07,284.98458125625126
2017-10-08,285.3945184667168
2017-10-09,285.50974200119373
2017-10-10,283.1852082725962
2017-10-11,283.1106723242573
2017-10-12,284.6371579756745
2017-10-13,285.69861939402847
2017-10-14,284.904110947058
2017-10-15,286.06628484369446
2017-10-16,288.52450328486816
2017-10-17,289.0948252460447
2017-10-18,286.0583116509688
2017-10-19,283.0141758167344
2017-10-20,279.35836071087493
2017-10-21,278.83459208319334
2017-10-22,278.7356665027054
2017-10-23,281.1165628889253
2017-10-24,283.7604203414344
2017-10-25,284.34356801027536
2017-10-26,283.54967903315224
2017-10-27,282.15850048743374
2017-10-28,282.8307592763965
2017-10-29,284.7198171188552
2017-10-30,287.2484788533935
2017-10-31,287.73864982455274
2017-11-01,287.18012611649493
2017-11-02,285.8776496435118
2017-11-03,283.8986342588735
2017-11-04,279.1578806012767
2017-11-05,277.5702216723505
2017-11-06,274.68297077420874
2017-11-07,274.55404192892865
2017-11-08,273.11097935180265
2017-11-09,270.5635969160583
2017-11-10,275.0630884840929
2017-11-11,275.3304045109356
2017-11-12,274.02054203336127
2017-11-13,273.8183896609263
2017-11-14,270.84967275144976
2017-11-15,273.02681412560753
2017-11-16,276.24875238443303
2017-11-17,274.56285701327494
2017-11-18,271.1216778877223
2017-11-19,270.46673158470315
2017-11-20,275.200044362654
2017-11-21,277.1233307170612
2017-11-22,277.3616676456995
2017-11-23,278.34680811450903
2017-11-24,276.8552565731207
2017-11-25,274.142177954654
2017-11-26,271.66559328602153
2017-11-27,269.6653811306514
2017-11-28,268.4650096935001
2017-11-29,264.8583692271629
2017-11-30,265.9424863058456
2017-12-01,272.0935166084565
2017-12-02,273.4622764792971
2017-12-03,273.84407905514706
2017-12-04,272.4687238779551
2017-12-05,271.3392099965066
2017-12-06,274.38324493251184
2017-12-07,274.12401873568035
2017-12-08,273.02850352402686
2017-12-09,274.3189548582121
2017-12-10,274.4205840347517
2017-12-11,276.4334188297262
2017-12-12,273.21116210259214
2017-12-13,269.1587392308903
2017-12-14,267.69477082099695
2017-12-15,265.91917172012563
2017-12-16,266.55025111016585
2017-12-17,265.2104843948158
2017-12-18,262.4178275574682
2017-12-19,260.84407985395995
2017-12-20,261.3882827849661
2017-12-21,264.84254344657825
2017-12-22,269.06128828780743
2017-12-23,270.29942481425445
2017-12-24,272.70696989370975
2017-12-25,269.02491584414855
2017-12-26,269.91904379523595
2017-12-27,270.24982523731046
2017-12-28,270.64999391179714
2017-12-29,270.49777447642606
2017-12-30,271.089122961769
2017-12-31,270.0595477242196
2018-01-01,276.0556541423731
2018-01-02,276.85789640812135
2018-01-03,274.4439408114281
2018-01-04,273.0063424246765
2018-01-05,270.3162141063097
2018-01-06,271.19071749871745
2018-01-07,274.94096452871196
2018-01-08,274.3098160592396
2018-01-09,272.06383466204204
2018-01-10,271.1464019198106
2018-01-11,273.28431697786516
2018-01-12,271.5033305749994
2018-01-13,272.34026883720816
2018-01-14,274.53098891124336
2018-01-15,273.4293716695278
2018-01-16,270.53393334659876
2018-01-17,265.99308716958166
2018-01-18,264.798467428163
2018-01-19,266.0404464806393
2018-01-20,267.02562124405796
2018-01-21,269.7521894355944
2018-01-22,271.72732356504133
2018-01-23,275.4365125202131
2018-01-24,272.9655283283905
2018-01-25,272.3480470932114
2018-01-26,272.602496809553
2018-01-27,272.97179953381226
2018-01-28,271.94959826845485
2018-01-29,270.21034657950565
2018-01-30,270.0853313401377
2018-01-31,272.7518419063618
2018-02-01,273.2695747565053
2018-02-02,272.4311967457822
2018-02-03,270.29794113686467
2018-02-04,269.8207872904749
2018-02-05,272.491497225014
2018-02-06,274.20634222929453
2018-02-07,275.0116252400409
2018-02-08,275.9587885188255
2018-02-09,274.32559273569075
2018-02-10,269.9556493865609
2018-02-11,271.0387907262546
2018-02-12,273.3105729744607
2018-02-13,276.19241362941926
2018-02-14,275.56139589084256
2018-02-15,271.93657174981195
2018-02-16,270.8505728998669
2018-02-17,267.7487588176412
2018-02-18,267.79411934296957
2018-02-19,267.89370305777487
2018-02-20,274.18423823321467
2018-02-21,275.08701152261995
2018-02-22,274.78691358491824
2018-02-23,273.6327467665158
2018-02-24,273.34713248929336
2018-02-25,276.2199176167802
2018-02-26,274.4556088678058
2018-02-27,273.20355753428186
2018-02-28,271.0780615300898
2018-03-01,272.34623983879834
2018-03-02,275.44487362537416
2018-03-03,271.53395930228186
2018-03-04,271.49550058888536
2018-03-05,273.00213563527774
2018-03-06,272.9414992132832
2018-03-07,272.7525641038276
2018-03-08,274.1323418119892
2018-03-09,273.18853561443257
2018-03-10,273.86950692848666
2018-03-11,276.33058373195183
2018-03-12,275.3317227921304
2018-03-13,276.5674424548225
2018-03-14,275.8276928783329
2018-03-15,274.5738842985138
2018-03-16,274.61472538913
2018-03-17,278.17477553610115
2018-03-18,277.79699069849914
2018-03-19,278.76890496080927
2018-03-20,275.31259647637137
2018-03-21,274.279508955152
2018-03-22,276.60994319062985
2018-03-23,278.3758504063599
2018-03-24,275.69432698263927
2018-03-25,275.8442968114677
2018-03-26,276.3130827725833
2018-03-27,275.03317317533447
2018-03-28,274.132803949377
2018-03-29,274.7558233125393
2018-03-30,275.49285358193043
2018-03-31,275.779529917362
2018-04-01,277.0007186296111
2018-04-02,279.8559450967099
2018-04-03,284.5805103991333
2018-04-04,285.2029781596697
2018-04-05,286.20227122384387
2018-04-06,286.2023756266614
2018-04-07,285.12904224195546
2018-04-08,283.3192400691661
2018-04-09,284.0385420975853
2018-04-10,285.2077280150659
2018-04-11,284.9848473862882
2018-04-12,281.96659246855336
2018-04-13,279.16471016709903
2018-04-14,277.9044843210321
2018-04-15,280.5323507388747
2018-04-16,280.6088825831779
2018-04-17,280.6656870794404
2018-04-18,283.87782207817247
2018-04-19,286.0645753092044
2018-04-20,285.82507197070964
2018-04-21,285.60754532164515
2018-04-22,283.82596837828856
2018-04-23,283.9474621788615
2018-04-24,280.15156017914734
2018-04-25,278.50767373405876
2018-04-26,277.92625664037183
2018-04-27,278.11049329087643
2018-04-28,279.4118312582387
2018-04-29,279.5914973565915
2018-04-30,281.56488492941014
2018-05-01,282.86948437872195
2018-05-02,286.81459955383116
2018-05-03,290.0753436426917
2018-05-04,289.3672595237414
2018-05-05,289.4508232051371
2018-05-06,289.37495655672114
2018-05-07,292.1315153015064
2018-05-08,290.936455684889
2018-05-09,290.4438727004852
2018-05-10,289.74824982386536
2018-05-11,288.3743303515019
2018-05-12,287.34198411344795
2018-05-13,288.8264061129992
2018-05-14,286.00333318800267
2018-05-15,282.7751419855082
2018-05-16,282.7939456358449
2018-05-17,286.24347874357494
2018-05-18,287.53365153051396
2018-05-19,287.756137584278
2018-05-20,290.79483115102215
2018-05-21,294.88231236109084
2018-05-22,288.5980851857981
2018-05-23,282.1715109759997
2018-05-24,283.58964182719257
2018-05-25,287.8002849311851
2018-05-26,287.7573869390047
2018-05-27,288.47434597281443
2018-05-28,288.8785822134077
2018-05-29,288.20018969351037
2018-05-30,286.8155154724782
2018-05-31,285.74313039520246
2018-06-01,286.3794104316935
2018-06-02,287.2992405187712
2018-06-03,287.75086814123233
2018-06-04,287.93424110728944
2018-06-05,289.8992230860607
2018-06-06,293.7212848135911
2018-06-07,298.38689438368453
2018-06-08,297.2939571478387
2018-06-09,295.10912604866655
2018-06-10,292.63174442578827
2018-06-11,291.007405960169
2018-06-12,291.002264265994
2018-06-13,289.9194103639254
2018-06-14,289.1022908160904
2018-06-15,288.42137647465734
2018-06-16,288.3690218642839
2018-06-17,289.9272169437154
2018-06-18,291.6176907037249
2018-06-19,293.01892564724955
2018-06-20,293.7425045273011
2018-06-21,297.0398427224386
2018-06-22,302.05691062006713
2018-06-23,300.9494576632922
2018-06-24,298.9531692742835
2018-06-25,299.06518056016006
2018-06-26,299.85625746609867
2018-06-27,302.0593584289775
2018-06-28,305.52103929427886
2018-06-29,306.8586985967394
2018-06-30,306.1088249530999
2018-07-01,305.2166001211308
2018-07-02,303.9047042727686
2018-07-03,303.22706613498406
2018-07-04,305.4004458748807
2018-07-05,305.4580792869409
2018-07-06,301.9563695404954
2018-07-07,301.3535095500708
2018-07-08,302.73992089798804
2018-07-09,303.97387645788865
2018-07-10,302.38016994747966
2018-07-11,300.7604834525324
2018-07-12,299.30807181328714
2018-07-13,296.80056049110937
2018-07-14,296.00280557217644
2018-07-15,297.93096906590864
2018-07-16,300.35030068503005
2018-07-17,302.4642500232612
2018-07-18,303.4676530503358
2018-07-19,304.42106488462014
2018-07-20,304.72076483127375
2018-07-21,302.7593429735059
2018-07-22,304.10251600485964
2018-07-23,305.84264844501877
2018-07-24,307.5000020213093
2018-07-25,307.20307430093186
2018-07-26,305.0006501898214
2018-07-27,303.25251852876454
2018-07-28,302.3066781200297
2018-07-29,304.35860628155405
2018-07-30,304.8174029083049
2018-07-31,303.8290862769135
2018-08-01,304.364126553079
2018-08-02,305.1992826799459
2018-08-03,307.0161690586417
2018-08-04,305.71718187325615
2018-08-05,305.91764522649964
2018-08-06,308.1344804625743
2018-08-07,309.555647404856
2018-08-08,305.867036737372
2018-08-09,301.56006041783706
2018-08-10,298.35581199603405
2018-08-11,299.19912525832916
2018-08-12,303.7557678499736
2018-08-13,306.8737851007728
2018-08-14,308.6632849419954
2018-08-15,306.9451313755639
2018-08-16,304.23294218757934
2018-08-17,303.4848164591266
2018-08-18,301.574540770759
2018-08-19,302.2564819436296
2018-08-20,302.89539369452007
2018-08-21,304.22173314000594
2018-08-22,307.99343981197023
2018-08-23,312.98644948759653
2018-08-24,314.7083997957059
2018-08-25,315.97243817340484
2018-08-26,315.8837536558419
2018-08-27,314.1842973538717
2018-08-28,307.20563696793295
2018-08-29,304.3064827112894
2018-08-30,303.929371022336
2018-08-31,305.0937701837182
2018-09-01,307.4710529027806
2018-09-02,308.85654173766636
2018-09-03,307.57762439620257
2018-09-04,302.6561296901252
2018-09-05,302.5332280716787
2018-09-06,303.53550521214135
2018-09-07,302.4044693263848
2018-09-08,301.7511225591264
2018-09-09,302.84682049113644
2018-09-10,300.9261502766302
2018-09-11,296.27925242131175
2018-09-12,298.4743778366663
2018-09-13,302.06448165566866
2018-09-14,300.35329282975715
2018-09-15,298.3423558925771
2018-09-16,296.6984997430882
2018-09-17,294.9821216693904
2018-09-18,294.2417386716138
2018-09-19,293.29037417580537
2018-09-20,289.33521182681045
2018-09-21,287.68117172088506
2018-09-22,289.625640829398
2018-09-23,291.2621805820572
2018-09-24,293.15413947532215
2018-09-25,293.618619197516
2018-09-26,293.70848585377695
2018-09-27,293.50151252879596
2018-09-28,292.9341327203964
2018-09-29,290.8983581803358
2018-09-30,291.64596717286963
2018-10-01,292.6128117532914
2018-10-02,290.15787691589316
2018-10-03,288.15926914844806
2018-10-04,290.46701731315216
2018-10-05,291.40991339325234
2018-10-06,285.2670007290696
2018-10-07,283.41828441958467
2018-10-08,285.5100957197981
2018-10-09,285.28865019116284
2018-10-10,283.5432194197487
2018-10-11,284.025380591526
2018-10-12,283.0353764726903
2018-10-13,283.3157267510376
2018-10-14,284.90725530886397
2018-10-15,286.36442206023395
2018-10-16,288.66721181715445
2018-10-17,289.18009143596925
2018-10-18,286.9648117249119
2018-10-19,284.4213750470543
2018-10-20,285.2369055246494
2018-10-21,284.7509359023878
2018-10-22,283.6297984311291
2018-10-23,283.2736398295266
2018-10-24,286.10866940637675
2018-10-25,286.83536643563775
2018-10-26,285.44981461598553
2018-10-27,283.92785767178793
2018-10-28,284.6866960658244
2018-10-29,285.40298071952895
2018-10-30,284.880219757835
2018-10-31,282.76438363881664
2018-11-01,281.7981804522661
2018-11-02,281.51680658368394
2018-11-03,280.1650279983078
2018-11-04,278.5581578587656
2018-11-05,278.3470022435814
2018-11-06,276.4483800688736
2018-11-07,273.1556508070144
2018-11-08,270.6937032447088
2018-11-09,272.25417141671255
2018-11-10,273.5484686533273
2018-11-11,271.6983738302118
2018-11-12,269.94510658713773
2018-11-13,273.3258135397216
2018-11-14,270.56350218976286
2018-11-15,272.29984053393156
2018-11-16,276.4543304072701
2018-11-17,276.12728071448856
2018-11-18,275.19436309414806
2018-11-19,272.00732506329393
2018-11-20,273.8374070160145
2018-11-21,277.770919504831
2018-11-22,275.2682759617389
2018-11-23,274.3901465003008
2018-11-24,275.6216893058655
2018-11-25,273.8371953500373
2018-11-26,270.5923996504004
2018-11-27,271.0102947323617
2018-11-28,271.5607650718645
2018-11-29,270.20258595171794
2018-11-30,273.8954679009438
2018-12-01,270.51867302482776
2018-12-02,267.66242365912007
2018-12-03,267.98571950240694
2018-12-04,266.0440885372585
2018-12-05,269.03923994277386
2018-12-06,269.24150249797594
2018-12-07,271.4062922209288
2018-12-08,272.4517975996801
2018-12-09,272.54536530399804
2018-12-10,273.10034225024293
2018-12-11,276.7235183599666
2018-12-12,276.7239767731879
2018-12-13,272.31676295036476
2018-12-14,270.9046676262463
2018-12-15,272.2609090484033
2018-12-16,269.91250023373675
2018-12-17,271.9870595873016
2018-12-18,272.8172856324761
2018-12-19,270.19053909684766
2018-12-20,269.4558413178035
2018-12-21,265.7803000127933
2018-12-22,265.14739456197765
2018-12-23,263.182837583293
2018-12-24,263.8974756861201
2018-12-25,263.1739092999037
2018-12-26,264.3253715458025
2018-12-27,263.07615831693624
2018-12-28,262.6858611378283
2018-12-29,263.63615395549414
2018-12-30,263.812846780573
2018-12-31,265.05771566911494
2019-01-01,272.47999270480165
2019-01-02,272.7422800663027
2019-01-03,272.0470844899588
2019-01-04,272.8271952183839
2019-01-05,273.4379596373578
2019-01-06,271.73224247823276
2019-01-07,271.1191241717471
2019-01-08,271.57372073513415
2019-01-09,272.16982680145003
2019-01-10,270.87792056896546
2019-01-11,271.37611215437556
2019-01-12,271.2901545936974
2019-01-13,270.2190187714067
2019-01-14,270.4695727534517
2019-01-15,271.16345796203296
2019-01-16,270.2415127357937
2019-01-17,269.65118613416934
2019-01-18,267.4494101234816
2019-01-19,268.61831968132606
2019-01-20,270.4763081349664
2019-01-21,267.8744759946231
2019-01-22,270.72407592264494
2019-01-23,273.19721611232467
2019-01-24,271.92213437529307
2019-01-25,273.2515777443415
2019-01-26,274.2489003883899
2019-01-27,273.81056621506
2019-01-28,273.78345871125157
2019-01-29,274.1624978034093
2019-01-30,274.54405321154456
2019-01-31,274.71557965136634
2019-02-01,277.31707556940154
2019-02-02,279.24242639533503
2019-02-03,275.3752246332154
2019-02-04,274.9374460389682
2019-02-05,277.4258108890423
2019-02-06,275.68043112101225
2019-02-07,272.6096089009034
2019-02-08,274.3203818612972
2019-02-09,272.1894773646133
2019-02-10,268.30789765368564
2019-02-11,271.30167513734494
2019-02-12,269.5756120719624
2019-02-13,269.56814242454806
2019-02-14,267.4905451360129
2019-02-15,264.62893029731066
2019-02-16,264.7407876962434
2019-02-17,264.9542969877383
2019-02-18,267.05622927722885
2019-02-19,267.6091091562391
2019-02-20,271.2698852984434
2019-02-21,273.8676748177066
2019-02-22,273.6045952845479
2019-02-23,274.1257052921238
2019-02-24,273.8422841791676
2019-02-25,273.5190430771213
2019-02-26,273.66203423273146
2019-02-27,271.7515428618725
2019-02-28,271.26450500936465
2019-03-01,273.28096321790065
2019-03-02,273.8076148972042
2019-03-03,272.2663541802577
2019-03-04,273.87006822781234
2019-03-05,271.3099658283267
2019-03-06,270.727303892759
2019-03-07,270.6001158575492
2019-03-08,272.47297489243533
2019-03-09,272.38156358326637
2019-03-10,270.82255701507734
2019-03-11,270.05870809663145
2019-03-12,271.14839658917145
2019-03-13,272.17036856061884
2019-03-14,271.43476456999
2019-03-15,271.9118108891878
2019-03-16,271.8743088189893
2019-03-17,272.37504000559977
2019-03-18,274.1598779002456
2019-03-19,275.48552872430037
2019-03-20,276.1423965731913
2019-03-21,277.66327485956793
2019-03-22,279.338432586876
2019-03-23,281.14362587136685
2019-03-24,280.8372034858973
2019-03-25,281.8771954803656
2019-03-26,282.3995453297841
2019-03-27,281.572878897611
2019-03-28,280.53618901658865
2019-03-29,281.7003157134656
2019-03-30,278.92827120658427
2019-03-31,277.5352952780316
2019-04-01,279.8849154339737
2019-04-02,283.2303714257694
2019-04-03,288.1212386535744
2019-04-04,285.7911251216473
2019-04-05,281.98457075163
2019-04-06,279.1836924132763
2019-04-07,275.3397853453712
2019-04-08,275.04928400024335
2019-04-09,276.46599678875674
2019-04-10,277.54370033753355
2019-04-11,278.46041345354973
2019-04-12,278.6820565828298
2019-04-13,279.5529258353777
2019-04-14,279.28178552306906
2019-04-15,281.0732778766275
2019-04-16,281.6425050621303
2019-04-17,281.49478618473415
2019-04-18,280.6670693363559
2019-04-19,282.16790104491423
2019-04-20,286.4751719841192
2019-04-21,288.3636603081154
2019-04-22,287.88813126526065
2019-04-23,288.26987692500154
2019-04-24,281.61932141476143
2019-04-25,275.59593226141743
2019-04-26,273.46830384528084
2019-04-27,272.23042934385705
2019-04-28,274.1266457501546
2019-04-29,275.41007060591875
2019-04-30,276.84935004211417
2019-05-01,277.93459214324946
2019-05-02,282.09822093011593
2019-05-03,283.23909654449426
2019-05-04,283.7833448070293
2019-05-05,286.844397536688
2019-05-06,290.351167981384
2019-05-07,293.05470119084003
2019-05-08,291.3149454116209
2019-05-09,290.6930235291557
2019-05-10,291.4275586437201
2019-05-11,290.0825418055766
2019-05-12,288.1118409000453
2019-05-13,286.31045760757496
2019-05-14,285.1409044827476
2019-05-15,283.2027175530787
2019-05-16,282.97033845597394
2019-05-17,285.2090530835529
2019-05-18,285.9171500124844
2019-05-19,285.8635100575834
2019-05-20,289.08248496170995
2019-05-21,292.6191136673976
2019-05-22,289.6297839697322
2019-05-23,284.958201666102
2019-05-24,286.2406052907168
2019-05-25,288.16191808505187
2019-05-26,289.4247766181728
2019-05-27,291.525412376853
2019-05-28,290.5178387804475
2019-05-29,288.1056920848746
2019-05-30,286.9999982312992
2019-05-31,288.14990853681604
2019-06-01,290.0023341282552
2019-06-02,290.37622401724974
2019-06-03,289.61969299732044
2019-06-04,290.90789854583915
2019-06-05,293.75015673997245
2019-06-06,295.0827419757474
2019-06-07,296.0264946704685
2019-06-08,296.7491084235041
2019-06-09,297.83731934473843
2019-06-10,295.0823089775421
2019-06-11,291.08543864401975
2019-06-12,288.83951320658616
2019-06-13,289.0538112381948
2019-06-14,288.9903640267224
2019-06-15,288.73276796382146
2019-06-16,290.1579257280419
2019-06-17,291.8290443248249
2019-06-18,294.0758770327861
2019-06-19,292.7114681671681
2019-06-20,291.2039640414652
2019-06-21,294.2446807552599
2019-06-22,297.25673843476324
2019-06-23,301.2366553987096
2019-06-24,299.9574182984883
2019-06-25,297.5558711909706
2019-06-26,295.37683451468814
2019-06-27,297.68453897777323
2019-06-28,300.48782513504756
2019-06-29,297.77530345924197
2019-06-30,296.7492537787401
2019-07-01,299.218058229403
2019-07-02,297.11549695937055
2019-07-03,296.3115617946827
2019-07-04,297.7999209894574
2019-07-05,299.0696743683987
2019-07-06,300.53306943515815
2019-07-07,302.07484930390666
2019-07-08,302.6444383178737
2019-07-09,301.8872516996263
2019-07-10,301.2424282386556
2019-07-11,299.2584055095466
2019-07-12,297.5232637738658
2019-07-13,295.1688687165299
2019-07-14,294.61791329985397
2019-07-15,295.8710986116847
2019-07-16,297.6745655868024
2019-07-17,301.1183066000446
2019-07-18,304.0689127844912
2019-07-19,305.48271497501526
2019-07-20,305.36773955423337
2019-07-21,303.7687905023974
2019-07-22,304.5216984270952
2019-07-23,304.4263144168262
2019-07-24,300.7951145238068
2019-07-25,300.12451914734606
2019-07-26,301.47172061351023
2019-07-27,304.07463161600134
2019-07-28,302.33416566776805
2019-07-29,302.0239812567327
2019-07-30,302.73542449032
2019-07-31,303.2548404207409
2019-08-01,300.8566721675393
2019-08-02,299.35384551104096
2019-08-03,301.2710242739536
2019-08-04,300.2388722326909
2019-08-05,298.8154936851936
2019-08-06,298.88024576431013
2019-08-07,301.81782518569645
2019-08-08,302.02122729525064
2019-08-09,301.51829883491183
2019-08-10,299.5638956771765
2019-08-11,300.5248807978219
2019-08-12,303.6320557811101
2019-08-13,305.71821985326716
2019-08-14,306.82161106089615
2019-08-15,304.2279135842633
2019-08-16,303.6200353656944
2019-08-17,303.6214230262354
2019-08-18,302.96226920945793
2019-08-19,302.7535957520191
2019-08-20,299.94115407635934
2019-08-21,295.8455815370692
2019-08-22,295.8891791613328
2019-08-23,299.8761822731793
2019-08-24,302.5429217599984
2019-08-25,304.1787138155697
2019-08-26,303.95686951212696
2019-08-27,304.445922427692
2019-08-28,301.96249078363223
2019-08-29,299.954283053863
2019-08-30,298.4424068479623
2019-08-31,297.9202306186495
2019-09-01,298.232952530377
2019-09-02,299.3896458942248
2019-09-03,299.6272671919064
2019-09-04,297.8264326293096
2019-09-05,295.8911532935626
2019-09-06,296.39639770279507
2019-09-07,298.00329898966174
2019-09-08,299.78970351532394
2019-09-09,300.01436171051745
2019-09-10,300.1662964296159
2019-09-11,299.2801155984263
2019-09-12,299.4157624593654
2019-09-13,298.8675850640831
2019-09-14,296.36679680899596
2019-09-15,295.01194528874026
2019-09-16,294.2351787876331
2019-09-17,293.2365722474692
2019-09-18,293.4594001669368
2019-09-19,294.44965431327654
2019-09-20,293.20472910936377
2019-09-21,292.4176614141064
2019-09-22,293.331914851655
2019-09-23,294.4307017639317
2019-09-24,293.2000310553866
2019-09-25,294.01579898067433
2019-09-26,292.95766299705275
2019-09-27,292.8383337475111
2019-09-28,292.7328749530287
2019-09-29,291.6408627880316
2019-09-30,290.148068040406
2019-10-01,287.7408690007003
2019-10-02,286.2178618494613
2019-10-03,287.3873563042764
2019-10-04,287.6887215254094
2019-10-05,287.78214199281575
2019-10-06,289.3107350934127
2019-10-07,290.1384815532963
2019-10-08,289.3340651377316
2019-10-09,287.12105610511
2019-10-10,286.144809503533
2019-10-11,286.3258234361375
2019-10-12,286.42589824380826
2019-10-13,288.21120590209387
2019-10-14,289.5170781174846
2019-10-15,289.46405484959826
2019-10-16,289.87231429408
2019-10-17,290.04291076519627
2019-10-18,287.4720604786139
2019-10-19,285.93419248372226
2019-10-20,285.9156290904712
2019-10-21,285.00622260953264
2019-10-22,284.63618414707315
2019-10-23,284.99684888676614
2019-10-24,284.8214455173488
2019-10-25,282.7430878322767
2019-10-26,280.9541229227729
2019-10-27,280.39271631052736
2019-10-28,281.48874303745015
2019-10-29,282.0005032018623
2019-10-30,281.3088816128832
2019-10-31,283.22253848326085
2019-11-01,280.6737476643749
2019-11-02,281.23109812253193
2019-11-03,280.9398036551082
2019-11-04,277.1335022610727
2019-11-05,277.7042382932188
2019-11-06,274.2616487253462
2019-11-07,274.6628858820936
2019-11-08,276.43628305054744
2019-11-09,276.9527694403373
2019-11-10,278.4709586961277
2019-11-11,276.265192137913
2019-11-12,273.1342852263916
2019-11-13,272.9889862851983
2019-11-14,271.0705371876667
2019-11-15,273.1768795629484
2019-11-16,275.12387873477235
2019-11-17,276.8440985869908
2019-11-18,277.1671129547951
2019-11-19,272.379915274246
2019-11-20,271.8194836765648
2019-11-21,272.39511268892966
2019-11-22,271.79003151457107
2019-11-23,278.1731783646421
2019-11-24,281.39702667805057
2019-11-25,276.07080670219216
2019-11-26,274.3046470752802
2019-11-27,274.52060179015376
2019-11-28,271.81586187751634
2019-11-29,273.4750141566979
2019-11-30,273.9111083348344
2019-12-01,270.17433401476677
2019-12-02,269.11963452950164
2019-12-03,269.4101027127481
2019-12-04,265.9631344976583
2019-12-05,264.29294975521356
2019-12-06,266.23698685442133
2019-12-07,268.7954295225157
2019-12-08,270.71009164955694
2019-12-09,274.2528483243628
2019-12-10,276.1974279428813
2019-12-11,275.10984852395785
2019-12-12,269.74460192688275
2019-12-13,269.0456553230141
2019-12-14,271.67819086458354
2019-12-15,271.3517261831166
2019-12-16,269.85197119281963
2019-12-17,267.7256091650595
2019-12-18,265.70947706196455
2019-12-19,263.79727511405605
2019-12-20,265.8174700007429
2019-12-21,270.61695103542627
2019-12-22,272.5477980290174
2019-12-23,269.2331589988078
2019-12-24,271.8952737569239
2019-12-25,274.37749912991615
2019-12-26,272.87493538262305
2019-12-27,271.90261839507355
2019-12-28,272.49875092968557
2019-12-29,273.71317288757706
2019-12-30,270.12747779422597
2019-12-31,264.1120462944462
2020-01-01,268.8513547103306
2020-01-02,269.91005235305187
2020-01-03,269.1495321470993
2020-01-04,270.1219611305939
2020-01-05,271.20511213951403
2020-01-06,272.2403138317939
2020-01-07,272.1340513355334
2020-01-08,274.0445253907946
2020-01-09,276.0620223226213
2020-01-10,275.5587191420811
2020-01-11,272.92813296554823
2020-01-12,272.8073331703381
2020-01-13,269.4415652567156
2020-01-14,270.0453742525152
2020-01-15,264.2795016979854
2020-01-16,260.6895908351883
2020-01-17,261.0950107534869
2020-01-18,258.9159278711157
2020-01-19,260.6834491063185
2020-01-20,260.0151038478608
2020-01-21,260.51989663819853
2020-01-22,265.33191531686305
2020-01-23,271.07478784198054
2020-01-24,272.6836124603913
2020-01-25,275.9068163504278
2020-01-26,275.6601191625154
2020-01-27,275.428292902404
2020-01-28,274.005570507863
2020-01-29,270.9235517228191
2020-01-30,269.6305060106278
2020-01-31,272.34585514740445
2020-02-01,274.77566299218256
2020-02-02,273.636218253608
2020-02-03,269.4772480236827
2020-02-04,268.5829820267474
2020-02-05,269.51642069512354
2020-02-06,269.9779166411858
2020-02-07,268.21391956035905
2020-02-08,270.22012628855623
2020-02-09,273.74691715076375
2020-02-10,272.98214007499257
2020-02-11,273.3731661705694
2020-02-12,274.860244490211
2020-02-13,275.62574624066417
2020-02-14,274.27431779639966
2020-02-15,271.354413517342
2020-02-16,270.26868009778605
2020-02-17,266.6628271524846
2020-02-18,265.7903110512364
2020-02-19,266.3161771028336
2020-02-20,271.25127244607495
2020-02-21,273.4739379591091
2020-02-22,272.87166897970303
2020-02-23,270.75036381298986
2020-02-24,267.1525525455616
2020-02-25,266.3803813892383
2020-02-26,264.24381899455136
2020-02-27,264.599439226735
2020-02-28,263.88570576471216
2020-03-01,264.46859967884785
2020-03-02,266.5092913628784
2020-03-03,265.6334576697603
2020-03-04,265.9547538800338
2020-03-05,267.0405152142883
2020-03-06,265.2530450978692
2020-03-07,264.63652688809225
2020-03-08,266.4375658118447
2020-03-09,267.8606516690703
2020-03-10,268.9768720568877
2020-03-11,270.06381482506885
2020-03-12,270.7966019977537
2020-03-13,272.21897333348636
2020-03-14,274.51140064296504
2020-03-15,276.7096175699462
2020-03-16,276.4368118207597
2020-03-17,278.3698424768113
2020-03-18,279.95241737833476
2020-03-19,279.12570021195245
2020-03-20,275.32930268355
2020-03-21,273.3834663672085
2020-03-22,273.4614460258431
2020-03-23,272.1172898378842
2020-03-24,271.5998121447618
2020-03-25,273.9605834189359
2020-03-26,276.6582076321672
2020-03-27,278.3515544350991
2020-03-28,274.54717170091834
2020-03-29,272.6982855855266
2020-03-30,274.73345648670227
2020-03-31,278.7126630580903
2020-04-01,280.9771784455461
2020-04-02,284.4493235746644
2020-04-03,287.80606818045925
2020-04-04,287.8796350637291
2020-04-05,287.44778820900416
2020-04-06,287.1758740690446
2020-04-07,284.6241883432357
2020-04-08,281.4893891599877
2020-04-09,277.7606920198487
2020-04-10,277.4843996309493
2020-04-11,281.129589102342
2020-04-12,282.89192382477273
2020-04-13,285.45677070882783
2020-04-14,286.19829944840615
2020-04-15,289.4678102757003
2020-04-16,287.9548879505606
2020-04-17,285.6963086371964
2020-04-18,285.7532182862075
2020-04-19,286.24741717259104
2020-04-20,290.01514669677687
2020-04-21,292.7606785097335
2020-04-22,291.1132343676127
2020-04-23,284.93510695136945
2020-04-24,279.60666820688976
2020-04-25,279.9207768496003
2020-04-26,281.6862509346368
2020-04-27,281.8651196058173
2020-04-28,284.9604829652301
2020-04-29,287.2226858432396
2020-04-30,284.03952583004127
2020-05-01,280.8555886224508
2020-05-02,283.7553330784352
2020-05-03,288.5435010409424
2020-05-04,290.52246789050133
2020-05-05,292.8604023966872
2020-05-06,293.79011713011045
2020-05-07,295.02274923128425
2020-05-08,296.706425372437
2020-05-09,294.4912048759449
2020-05-10,293.11446155781994
2020-05-11,290.9093381167971
2020-05-12,288.3703242507777
2020-05-13,288.2071989864824
2020-05-14,287.6896154539774
2020-05-15,285.86864583697377
2020-05-16,286.38215868395196
2020-05-17,289.75145260327935
2020-05-18,290.2297589882538
2020-05-19,288.9703501778432
2020-05-20,291.3363326707397
2020-05-21,293.17931178469524
2020-05-22,291.85391979472524
2020-05-23,287.89916408957384
2020-05-24,288.7427051847046
2020-05-25,289.1998009024334
2020-05-26,289.1808103144109
2020-05-27,292.0417592929769
2020-05-28,293.75585971150076
2020-05-29,294.71550108242593
2020-05-30,293.9844321757062
2020-05-31,294.34803703468003
2020-06-01,295.97235293632366
2020-06-02,297.50982100929804
2020-06-03,296.3921599849017
2020-06-04,296.76565494443173
2020-06-05,298.23063475309493
2020-06-06,296.7312134779516
2020-06-07,293.2070617283001
2020-06-08,293.63848135317613
2020-06-09,293.53877079654325
2020-06-10,294.35618516185747
2020-06-11,296.9458204144971
2020-06-12,298.6330049850577
2020-06-13,298.1158123579963
2020-06-14,297.3405575160179
2020-06-15,294.55651697083476
2020-06-16,291.279727711112
2020-06-17,291.5455028275382
2020-06-18,293.12547903751084
2020-06-19,296.0249055421491
2020-06-20,294.6802194326253
2020-06-21,297.3421057944686
2020-06-22,299.4045888979397
2020-06-23,301.26538091263564
2020-06-24,298.4374855565202
2020-06-25,295.4365345382227
2020-06-26,298.03920158507424
2020-06-27,298.5394030301694
2020-06-28,296.3057754091461
2020-06-29,295.89620444931944
2020-06-30,297.1416785118402
2020-07-01,299.62009041324995
2020-07-02,299.2046204362969
2020-07-03,297.3559449602073
2020-07-04,296.5740647815954
2020-07-05,297.9843734760351
2020-07-06,296.67191078353665
2020-07-07,297.325121910427
2020-07-08,299.1640358632343
2020-07-09,301.63960651050036
2020-07-10,300.41016689361396
2020-07-11,297.6170470976815
2020-07-12,294.96097941946994
2020-07-13,294.471182338753
2020-07-14,295.42869737000865
2020-07-15,294.4428277265427
2020-07-16,295.13470100391925
2020-07-17,297.923955867997
2020-07-18,300.1960363869624
2020-07-19,301.95123019628727
2020-07-20,301.8217950857299
2020-07-21,299.10265166351394
2020-07-22,298.2556420817589
2020-07-23,299.5968062494616
2020-07-24,298.33977815590833
2020-07-25,299.2742875700849
2020-07-26,299.300149427594
2020-07-27,296.84205852003345
2020-07-28,296.64936934387106
2020-07-29,297.9267609711586
2020-07-30,299.34982107687745
2020-07-31,298.05213285748135
2020-08-01,296.8904270225255
2020-08-02,296.98920895655266
2020-08-03,299.168409361923
2020-08-04,298.6762524392269
2020-08-05,296.4811378094511
2020-08-06,296.6019123098018
2020-08-07,299.47384703529013
2020-08-08,299.05162387072255
2020-08-09,296.3166200465983
2020-08-10,293.77565625876974
2020-08-11,293.72186726196514
2020-08-12,299.1344592115456
2020-08-13,301.18736011739946
2020-08-14,300.13610809352826
2020-08-15,300.70518128900875
2020-08-16,303.0295836186703
2020-08-17,302.10817838440863
2020-08-18,301.405725895583
2020-08-19,298.693446889649
2020-08-20,299.30737605119805
2020-08-21,296.4440227259217
2020-08-22,296.41446347119546
2020-08-23,300.41975259241985
2020-08-24,301.2566235787145
2020-08-25,301.22279521732816
2020-08-26,301.1409737286168
2020-08-27,302.2874399112752
2020-08-28,300.98954547887917
2020-08-29,297.7031391633925
2020-08-30,298.00707419536366
2020-08-31,298.3099450645791
2020-09-01,297.5004576369816
2020-09-02,298.98668705068644
2020-09-03,300.4944989886061
2020-09-04,298.91801630227485
2020-09-05,300.56325920203756
2020-09-06,302.0105542048138
2020-09-07,301.08247275131424
2020-09-08,299.9567787505163
2020-09-09,301.03189986134845
2020-09-10,302.37010307109995
2020-09-11,303.16132865120863
2020-09-12,306.2975876275679
2020-09-13,306.8457583904805
2020-09-14,300.21987658843
2020-09-15,296.8862830366413
2020-09-16,294.25090636313297
2020-09-17,292.11329427547724
2020-09-18,291.4231357474416
2020-09-19,292.20583308192863
2020-09-20,292.00067583261335
2020-09-21,292.30649748233054
2020-09-22,293.5840377320045
2020-09-23,293.4418119693948
2020-09-24,291.3538431882466
2020-09-25,291.88861377993084
2020-09-26,291.48603167495975
2020-09-27,289.77652804469517
2020-09-28,289.9774737416153
2020-09-29,290.32353048479575
2020-09-30,289.78553363629095
2020-10-01,288.28871912258177
2020-10-02,285.55269226473473
2020-10-03,285.2713145564147
2020-10-04,285.95956415555065
2020-10-05,284.82013761552196
2020-10-06,285.88866965501785
2020-10-07,280.16969159116087
2020-10-08,278.64345966133703
2020-10-09,278.7972386805344
2020-10-10,280.57609331601674
2020-10-11,283.7273338877466
2020-10-12,283.0874175927285
2020-10-13,282.33531375473547
2020-10-14,282.8016929231964
2020-10-15,284.1592829093218
2020-10-16,286.5058251012525
2020-10-17,288.0641585313615
2020-10-18,287.7462762772001
2020-10-19,287.2850746387343
2020-10-20,286.36025950503347
2020-10-21,284.9239571331665
2020-10-22,283.7686027082899
2020-10-23,284.5027323741802
2020-10-24,288.2679628210798
2020-10-25,289.58907239663307
2020-10-26,287.876329572909
2020-10-27,283.92037204853193
2020-10-28,280.515978083111
2020-10-29,279.9770081513193
2020-10-30,280.6876285343239
2020-10-31,280.192728428352
2020-11-01,279.2311522529556
2020-11-02,280.88929202104873
2020-11-03,276.2175963452303
2020-11-04,273.4091480233824
2020-11-05,273.37024102690145
2020-11-06,268.87587644018487
2020-11-07,267.93243564333466
2020-11-08,268.6236757925639
2020-11-09,270.35898128215405
2020-11-10,272.73220295468906
2020-11-11,272.4634248040474
2020-11-12,269.9034101502483
2020-11-13,271.8765221636707
2020-11-14,274.56956869422964
2020-11-15,276.7588196059734
2020-11-16,276.7959708834283
2020-11-17,276.70902512361056
2020-11-18,275.27960301272395
2020-11-19,272.5397764307802
2020-11-20,273.8595306472398
2020-11-21,275.8991492182263
2020-11-22,276.1791109192306
2020-11-23,276.17868115625816
2020-11-24,276.9274701993249
2020-11-25,276.4697474520725
2020-11-26,275.8471661173494
2020-11-27,273.6277066765245
2020-11-28,270.5726868627373
2020-11-29,269.02160730106624
2020-11-30,273.9522319835268
2020-12-01,274.04078602725696
2020-12-02,272.40981360745343
2020-12-03,272.85131927577055
2020-12-04,274.3122885552667
2020-12-05,274.7050513134368
2020-12-06,272.92032186934216
2020-12-07,270.8179529307331
2020-12-08,272.3801302318256
2020-12-09,274.1275751973908
2020-12-10,274.0353427815769
2020-12-11,274.76155923878514
2020-12-12,273.58294194328545
2020-12-13,275.3479427861884
2020-12-14,277.5898349952497
2020-12-15,275.8184867466224
2020-12-16,273.7403510236672
2020-12-17,270.5531172893831
2020-12-18,266.74794049087296
2020-12-19,264.8018455067829
2020-12-20,263.38176624768334
2020-12-21,264.9129572516419
2020-12-22,266.4157722683691
2020-12-23,265.12847414784454
2020-12-24,266.34872626068835
2020-12-25,265.2288797516124
2020-12-26,270.962581394076
2020-12-27,273.1719347380408
2020-12-28,272.8679408880283
2020-12-29,268.502892508491
2020-12-30,264.403181804885
2020-12-31,267.604306489936
2021-01-01,271.150570458124
2021-01-02,273.59270691282234
2021-01-03,274.2724478449504
2021-01-04,275.3405260177183
2021-01-05,270.69066361228454
2021-01-06,267.7604725984021
2021-01-07,270.3830326184129
2021-01-08,272.72910887718905
2021-01-09,273.81520064008964
2021-01-10,274.1977658923644
2021-01-11,272.1731792331558
2021-01-12,270.6629650546178
2021-01-13,271.38742024471185
2021-01-14,272.78001453121846
2021-01-15,272.19716552834643
2021-01-16,269.260385009384
2021-01-17,268.03196031810944
2021-01-18,267.7678873174745
2021-01-19,271.04630641950536
2021-01-20,271.6661606333505
2021-01-21,270.07803756370186
2021-01-22,272.0069045407745
2021-01-23,272.77720962167007
2021-01-24,270.7100272365144
2021-01-25,272.6423735480812
2021-01-26,271.0560860705013
2021-01-27,270.348318781834
2021-01-28,270.8604674566953
2021-01-29,270.2876413888759
2021-01-30,270.4505281394378
2021-01-31,273.7519014871371
2021-02-01,278.20212325255835
2021-02-02,277.6519159171251
2021-02-03,273.5081243620363
2021-02-04,271.14079174081235
2021-02-05,273.42442486939996
2021-02-06,275.0947336603245
2021-02-07,273.19506700910125
2021-02-08,271.51486145408086
2021-02-09,273.22383037370713
2021-02-10,272.48014659840516
2021-02-11,272.0220420162242
2021-02-12,270.1125219480235
2021-02-13,271.86059433115906
2021-02-14,271.04005979487255
2021-02-15,267.783987752649
2021-02-16,266.55809321213064
2021-02-17,265.80149853780136
2021-02-18,266.55826503498986
2021-02-19,265.537134047048
2021-02-20,267.7363534719547
2021-02-21,270.92839111536614
2021-02-22,270.8888177086349
2021-02-23,270.3972152679131
2021-02-24,270.01224674550866
2021-02-25,268.96070660927154
2021-02-26,267.07771590761786
2021-02-27,267.6002560391591
2021-02-28,268.5313615964463
2021-03-01,272.12344032069643
2021-03-02,274.2817948948586
2021-03-03,272.6408985790735
2021-03-04,273.6073028387488
2021-03-05,273.1343716706776
2021-03-06,269.599034552249
2021-03-07,268.2720224872413
2021-03-08,270.54549485303295
2021-03-09,275.46677023417317
2021-03-10,279.91458832928714
2021-03-11,282.23262234747517
2021-03-12,280.1325038229139
2021-03-13,278.07561067219547
2021-03-14,278.85982552151285
2021-03-15,279.35454213115963
2021-03-16,279.7561378416704
2021-03-17,282.54569601872214
2021-03-18,284.3547572902631
2021-03-19,285.07407454061604
2021-03-20,283.04448719303304
2021-03-21,280.1040492222496
2021-03-22,276.6305325773717
2021-03-23,276.7934152064229
2021-03-24,276.9586532577015
2021-03-25,277.2058304930484
2021-03-26,277.9607800718718
2021-03-27,276.8078825116433
2021-03-28,274.64155333789375
2021-03-29,274.95432737412636
2021-03-30,276.381173798292
2021-03-31,276.0815804959731
2021-04-01,272.9621228744101
2021-04-02,274.5278823955432
2021-04-03,278.85010420040896
2021-04-04,276.9994771365712
2021-04-05,274.2226714110065
2021-04-06,273.24292725277417
2021-04-07,273.1032020015112
2021-04-08,273.33645790938505
2021-04-09,274.6788195463797
2021-04-10,276.2783644532333
2021-04-11,276.1900884671982
2021-04-12,277.46005689320634
2021-04-13,279.4148192056388
2021-04-14,278.6676575484284
2021-04-15,281.2618057339542
2021-04-16,280.9712179974548
2021-04-17,277.7118674221744
2021-04-18,275.36829695705126
2021-04-19,277.3739496272833
2021-04-20,282.775471625765
2021-04-21,284.10104867200556
2021-04-22,285.3148383581245
2021-04-23,286.1323954689736
2021-04-24,281.6495384625797
2021-04-25,282.8744579041116
2021-04-26,282.78091906811267
2021-04-27,281.9515802193803
2021-04-28,279.1919458958274
2021-04-29,280.80393256287323
2021-04-30,281.146853160035
2021-05-01,280.26208466094727
2021-05-02,282.217914020885
2021-05-03,283.21497997750674
2021-05-04,282.4205340805229
2021-05-05,284.03384973901836
2021-05-06,285.31269171797675
2021-05-07,287.15422519865535
2021-05-08,288.0741026622426
2021-05-09,289.37512026701444
2021-05-10,288.98752114276647
2021-05-11,286.72312014589824
2021-05-12,284.6390243499541
2021-05-13,284.46416518097277
2021-05-14,283.7529898687221
2021-05-15,282.29017580336114
2021-05-16,283.9772232209342
2021-05-17,284.4196827182723
2021-05-18,284.71629312309017
2021-05-19,285.8084735866448
2021-05-20,288.41542393240934
2021-05-21,289.71538586911686
2021-05-22,288.593615582409
2021-05-23,285.05855253187883
2021-05-24,284.97266676830554
2021-05-25,287.18324164508994
2021-05-26,289.203812210346
2021-05-27,290.97366680855
2021-05-28,290.03292362165286
2021-05-29,287.1966543253794
2021-05-30,285.9928353726693
2021-05-31,287.11939903576086
2021-06-01,288.9862055467653
2021-06-02,289.2786550756473
2021-06-03,289.2324762410204
2021-06-04,289.77124796771216
2021-06-05,291.91808263971797
2021-06-06,295.58278889516237
2021-06-07,298.60626497214264
2021-06-08,297.5496364908034
2021-06-09,293.4730579184147
2021-06-10,291.4666918915388
2021-06-11,290.7720179264362
2021-06-12,291.0307063181342
2021-06-13,290.4224176036263
2021-06-14,290.7745827797839
2021-06-15,291.12790538577184
2021-06-16,292.2299770636897
2021-06-17,291.65836659341795
2021-06-18,289.450269955011
2021-06-19,291.8987868713458
2021-06-20,293.36288184347336
2021-06-21,295.53328745446595
2021-06-22,297.94286253385155
2021-06-23,299.4574727012651
2021-06-24,298.0256317885008
2021-06-25,295.7027400986997
2021-06-26,295.3914359202662
2021-06-27,295.2721171385885
2021-06-28,295.2803151980688
2021-06-29,295.10543597965386
2021-06-30,295.08163026429946
2021-07-01,295.77739917175285
2021-07-02,295.71020865140326
2021-07-03,295.38774466256643
2021-07-04,296.3303407572234
2021-07-05,296.66729905061663
2021-07-06,297.0261123470736
2021-07-07,299.4651112424908
2021-07-08,303.5178543503933
2021-07-09,306.3099347224976
2021-07-10,304.4960351697488
2021-07-11,302.3348042770315
2021-07-12,300.8744890060947
2021-07-13,297.08386171343216
2021-07-14,296.2959258498907
2021-07-15,297.3050147750978
2021-07-16,300.43510995652275
2021-07-17,302.49215116045366
2021-07-18,301.432538879655
2021-07-19,302.10127346226494
2021-07-20,301.2683380642232
2021-07-21,298.86476135263905
2021-07-22,299.1424462185721
2021-07-23,300.75009084875813
2021-07-24,301.4278110572844
2021-07-25,301.4674193285423
2021-07-26,300.54020784016313
2021-07-27,300.17592466857474
2021-07-28,298.7275243296058
2021-07-29,299.71017674004906
2021-07-30,302.0568689221603
2021-07-31,303.46566283160973
2021-08-01,302.25235354208854
2021-08-02,301.6742678426913
2021-08-03,301.0667955519
2021-08-04,298.1981409105088
2021-08-05,297.71255434757563
2021-08-06,300.11939151409985
2021-08-07,303.54666989575725
2021-08-08,303.7049651244829
2021-08-09,301.13395273668795
2021-08-10,298.5926566028152
2021-08-11,299.86148298436956
2021-08-12,303.4816513068913
2021-08-13,304.54478853261264
2021-08-14,306.2640431878187
2021-08-15,305.06075045255614
2021-08-16,303.4644005189608
2021-08-17,301.44531897597994
2021-08-18,301.0447902292459
2021-08-19,299.46555729732125
2021-08-20,297.9229679894122
2021-08-21,298.750498051189
2021-08-22,303.0618988114805
2021-08-23,310.0604640511734
2021-08-24,311.9049377513392
2021-08-25,312.71344261324265
2021-08-26,312.8213205729697
2021-08-27,311.74455650803105
2021-08-28,308.80437695625466
2021-08-29,307.8143514550059
2021-08-30,308.46015733057664
2021-08-31,305.5477746031425
2021-09-01,303.37882729343517
2021-09-02,301.69896605161546
2021-09-03,300.821895106631
2021-09-04,299.2532876437079
2021-09-05,297.3645223281073
2021-09-06,297.9445389702143
2021-09-07,298.70294215774334
2021-09-08,298.3277601585498
2021-09-09,299.68145733608884
2021-09-10,300.0389119188516
2021-09-11,298.02218492435463
2021-09-12,298.81052247332457
2021-09-13,298.10969193736065
2021-09-14,293.7332341104539
2021-09-15,290.83438549581047
2021-09-16,289.6093670088532
2021-09-17,288.4049948335019
2021-09-18,288.0558567857371
2021-09-19,293.1508385691824
2021-09-20,291.94266883152204
2021-09-21,291.75136312847343
2021-09-22,294.3631220810532
2021-09-23,297.5804168997911
2021-09-24,297.1702838238572
2021-09-25,296.38549022459426
2021-09-26,294.55017482499187
2021-09-27,292.40744345679093
2021-09-28,291.8758401622676
2021-09-29,291.8248128211538
2021-09-30,290.55643640656496
2021-10-01,289.4297666588874
2021-10-02,289.12463107911583
2021-10-03,289.1799943125282
2021-10-04,288.80879531504314
2021-10-05,285.0790566443129
2021-10-06,282.85132866045814
2021-10-07,281.93638066778067
2021-10-08,281.35302586309643
2021-10-09,280.4235706410532
2021-10-10,281.36035444361
2021-10-11,284.8056576353006
2021-10-12,285.2128432094872
2021-10-13,284.7173506324181
2021-10-14,281.84217218204265
2021-10-15,283.1631705033846
2021-10-16,286.3348551563605
2021-10-17,287.5972976326815
2021-10-18,287.13417236782107
2021-10-19,285.21514937045976
2021-10-20,280.2411356615661
2021-10-21,278.19424456800346
2021-10-22,281.2821568700531
2021-10-23,283.5149317887993
2021-10-24,283.63278082521254
2021-10-25,282.78953917492254
2021-10-26,284.13112460263557
2021-10-27,283.7249691885534
2021-10-28,280.65135360926644
2021-10-29,280.36950435122026
2021-10-30,281.30311173036
2021-10-31,281.00464957085006
2021-11-01,279.8277498765751
2021-11-02,279.9320259709473
2021-11-03,279.20579014529244
2021-11-04,279.81237653340054
2021-11-05,279.7684088524414
2021-11-06,274.6339341535434
2021-11-07,271.1375949591065
2021-11-08,269.71190108592754
2021-11-09,271.95274088617106
2021-11-10,275.1930846608529
2021-11-11,274.55610193409024
2021-11-12,275.02254237424825
2021-11-13,278.425932745758
2021-11-14,276.57156730382087
2021-11-15,275.6200703313726
2021-11-16,277.6027835449337
2021-11-17,277.41218332910046
2021-11-18,276.3726600406906
2021-11-19,274.23553038630183
2021-11-20,279.38548772044606
2021-11-21,281.73508906921273
2021-11-22,278.481175850097
2021-11-23,275.20274842638383
2021-11-24,275.17691145059166
2021-11-25,274.2248593656087
2021-11-26,274.0961884493147
2021-11-27,270.51228564717064
2021-11-28,271.2250050824892
2021-11-29,272.1639986713565
2021-11-30,272.48311538790796
2021-12-01,271.83196390176244
2021-12-02,272.1818500555214
2021-12-03,273.2309588702885
2021-12-04,272.7601401029177
2021-12-05,273.1215459230437
2021-12-06,272.5032751792483
2021-12-07,273.4653626262726
2021-12-08,273.97612642500275
2021-12-09,272.94729909359694
2021-12-10,269.8533025548718
2021-12-11,266.77086343893126
2021-12-12,263.1268417529688
2021-12-13,261.53362012712495
2021-12-14,262.74772501357756
2021-12-15,262.96594369965993
2021-12-16,265.92481131511397
2021-12-17,265.56862347042653
2021-12-18,265.4341424905581
2021-12-19,265.41335403111526
2021-12-20,265.3647690005073
2021-12-21,267.42404339921353
2021-12-22,270.60086252483785
2021-12-23,271.2041615194475
2021-12-24,274.0839777423647
2021-12-25,273.70925522101703
2021-12-26,273.7419023635978
2021-12-27,267.7412871323332
2021-12-28,263.1425574558375
2021-12-29,263.523475315267
2021-12-30,259.15861095217053
2021-12-31,255.5005463141339
2022-01-01,263.0133268723804
2022-01-02,265.9595267736201
2022-01-03,264.36980069889825
2022-01-04,266.1516361903656
2022-01-05,271.1749145559071
2022-01-06,273.8250205000405
2022-01-07,275.5880857978613
2022-01-08,275.94309589710355
2022-01-09,277.2182421458281
2022-01-10,277.51210012311884
2022-01-11,276.82928564492624
2022-01-12,276.4588032335216
2022-01-13,273.7616769798283
2022-01-14,273.3674470044682
2022-01-15,270.50286081461644
2022-01-16,265.7060362264733
2022-01-17,267.4074857510556
2022-01-18,270.62759226753803
2022-01-19,271.6515977607459
2022-01-20,271.85126954174984
2022-01-21,273.31763855685597
2022-01-22,272.67743994709986
2022-01-23,272.4168329310146
2022-01-24,270.0889450968463
2022-01-25,269.55959158827926
2022-01-26,270.27040960929116
2022-01-27,270.82711854276613
2022-01-28,270.3421173439753
2022-01-29,271.80734746234
2022-01-30,272.1380664573994
2022-01-31,273.94427347060014
2022-02-01,276.1773659643015
2022-02-02,277.0654462057936
2022-02-03,271.5965063503217
2022-02-04,272.433913412713
2022-02-05,277.70321773291795
2022-02-06,276.48850883359347
2022-02-07,274.3793651784343
2022-02-08,274.52878893348486
2022-02-09,274.7802004932656
2022-02-10,267.8470841874844
2022-02-11,269.6686713905542
2022-02-12,266.8923546333049
2022-02-13,267.26247649522367
2022-02-14,265.34716648778607
2022-02-15,264.0526760145068
2022-02-16,262.92998078363473
2022-02-17,261.56095983876867
2022-02-18,264.0005845329218
2022-02-19,266.97096539438024
2022-02-20,269.58290711381596
2022-02-21,272.951019478763
2022-02-22,273.58813340774134
2022-02-23,273.97665968887617
2022-02-24,272.6711920005342
2022-02-25,271.7396918585911
2022-02-26,269.886957423996
2022-02-27,269.5367208680669
2022-02-28,269.07138629776864
2022-03-01,269.6954222866375
2022-03-02,272.0197665462948
2022-03-03,273.4346963671928
2022-03-04,272.4150097234292
2022-03-05,271.0436705724322
2022-03-06,270.97519724231677
2022-03-07,270.3761857224402
2022-03-08,270.20806553068667
2022-03-09,270.67858930238407
2022-03-10,272.4367838724514
2022-03-11,273.4549196843507
2022-03-12,274.3621333032096
2022-03-13,275.2742474347363
2022-03-14,274.5364640388047
2022-03-15,273.3180983749499
2022-03-16,271.6956464513404
2022-03-17,271.8879557775937
2022-03-18,273.10147619055266
2022-03-19,274.1673458969167
2022-03-20,274.4522426359135
2022-03-21,273.9846657239174
2022-03-22,273.75136438017483
2022-03-23,274.32482301298063
2022-03-24,275.3668366031335
2022-03-25,277.42803901947065
2022-03-26,280.24849009468915
2022-03-27,279.7141620033205
2022-03-28,279.38397704071775
2022-03-29,280.82944967575713
2022-03-30,282.50552680665976
2022-03-31,279.76731187304534
2022-04-01,273.43449910784085
2022-04-02,274.852366443033
2022-04-03,280.8454706906442
2022-04-04,282.37044794285237
2022-04-05,283.62847517598937
2022-04-06,281.6005240637146
2022-04-07,278.18401477677264
2022-04-08,273.84565241772276
2022-04-09,272.3225385531401
2022-04-10,273.9540256995659
2022-04-11,275.9251742197957
2022-04-12,275.4286945626196
2022-04-13,274.60843714717674
2022-04-14,274.01138438696955
2022-04-15,275.7173111341843
2022-04-16,275.8210029562698
2022-04-17,276.3514745613499
2022-04-18,277.64422646757527
2022-04-19,279.9432070004864
2022-04-20,282.4682881686959
2022-04-21,284.7860860130607
2022-04-22,285.5819220878496
2022-04-23,284.81006158151865
2022-04-24,281.885667777174
2022-04-25,280.71245187780886
2022-04-26,280.18264038806456
2022-04-27,279.7170324459397
2022-04-28,280.7749351051642
2022-04-29,281.6646584612264
2022-04-30,280.2048963924257
2022-05-01,276.0095709325929
2022-05-02,279.7540709790242
2022-05-03,282.06607477474137
2022-05-04,282.6482842741481
2022-05-05,285.55024134732963
2022-05-06,288.8657296635837
2022-05-07,289.6526536147104
2022-05-08,289.0725159250459
2022-05-09,289.4508001669885
2022-05-10,289.6018777536813
2022-05-11,289.95937214479966
2022-05-12,290.4191501029196
2022-05-13,291.8109030445213
2022-05-14,287.2692518615982
2022-05-15,285.7695239291162
2022-05-16,289.10863784237335
2022-05-17,290.7779307839346
2022-05-18,286.21877942583467
2022-05-19,283.6893038759527
2022-05-20,284.7480993136504
2022-05-21,289.5731048642084
2022-05-22,291.1744006166447
2022-05-23,290.30578899813327
2022-05-24,292.54877737140146
2022-05-25,294.05655006271576
2022-05-26,294.35602515493247
2022-05-27,293.9597037504779
2022-05-28,292.8552021485397
2022-05-29,290.6390485305896
2022-05-30,288.04095855659
2022-05-31,288.9558439225924
2022-06-01,291.150270242576
2022-06-02,292.4567694266237
2022-06-03,294.1821825481981
2022-06-04,295.26920677978956
2022-06-05,294.2386897915071
2022-06-06,293.855298024383
2022-06-07,295.57458565027434
2022-06-08,297.068741373315
2022-06-09,297.73898342677995
2022-06-10,293.7071423188902
2022-06-11,292.95773239750093
2022-06-12,293.11816818188225
2022-06-13,292.65132022473966
2022-06-14,292.8829158943941
2022-06-15,293.52362839015217
2022-06-16,294.63115652117625
2022-06-17,296.70565950145675
2022-06-18,296.8453523931828
2022-06-19,297.8331992821583
2022-06-20,298.1353057314518
2022-06-21,298.8871023262965
2022-06-22,299.7480293776963
2022-06-23,302.02256146959394
2022-06-24,300.453038001693
2022-06-25,297.1164803842562
2022-06-26,296.2665269941196
2022-06-27,295.4430523146499
2022-06-28,294.32739377935576
2022-06-29,294.77750197112357
2022-06-30,298.30537306368615
2022-07-01,298.99248424517566
2022-07-02,296.9338205987461
2022-07-03,294.24110946549746
2022-07-04,295.4758345096307
2022-07-05,295.27575808831705
2022-07-06,295.2701222004801
2022-07-07,297.9719049196702
2022-07-08,300.14363145163776
2022-07-09,301.0151741558228
2022-07-10,302.38435153346126
2022-07-11,301.5891105701686
2022-07-12,297.8535361046738
2022-07-13,292.6711922712855
2022-07-14,291.7887837421536
2022-07-15,294.10934173737604
2022-07-16,298.5783930486958
2022-07-17,299.4859413613615
2022-07-18,301.3720459875732
2022-07-19,302.5370406226297
2022-07-20,302.10417281492545
2022-07-21,299.64636578838315
2022-07-22,298.2243136237997
2022-07-23,298.1526821180545
2022-07-24,300.43083459223874
2022-07-25,301.91916034802017
2022-07-26,302.84611088868144
2022-07-27,303.42957291028245
2022-07-28,304.01546777009105
2022-07-29,306.2167891000176
2022-07-30,305.8773551201079
2022-07-31,302.96069495491764
2022-08-01,298.20139030246276
2022-08-02,295.9789703992749
2022-08-03,299.9613703182816
2022-08-04,301.2002465340321
2022-08-05,301.0363805226882
2022-08-06,300.4359385365249
2022-08-07,301.6318581228133
2022-08-08,300.81217024935296
2022-08-09,300.13239291627025
2022-08-10,298.7223615829066
2022-08-11,298.8656830642582
2022-08-12,301.9021120663969
2022-08-13,302.61999219768757
2022-08-14,301.9992124404522
2022-08-15,301.2542417474498
2022-08-16,300.1839705421669
2022-08-17,298.7029984612852
2022-08-18,297.2965070131825
2022-08-19,297.54547409354626
2022-08-20,296.3801657736863
2022-08-21,293.80228044908324
2022-08-22,292.9845477766744
2022-08-23,296.6494833493667
2022-08-24,300.10298465218114
2022-08-25,302.28754519638244
2022-08-26,303.014664077669
2022-08-27,304.25760468371186
2022-08-28,302.5721606023478
2022-08-29,300.1950419387998
2022-08-30,301.9475391656172
2022-08-31,305.3054233706465
2022-09-01,306.3840880344174
2022-09-02,304.3362855353393
2022-09-03,303.5129152407675
2022-09-04,301.6490901873963
2022-09-05,301.817115669297
2022-09-06,301.3611440533631
2022-09-07,299.4464362053151
2022-09-08,295.1491722005793
2022-09-09,294.55549632147785
2022-09-10,295.5049470373902
2022-09-11,295.2962528211562
2022-09-12,296.59572439063686
2022-09-13,297.31341296886967
2022-09-14,295.1016441861226
2022-09-15,291.8498409950324
2022-09-16,290.1842598625647
2022-09-17,289.34381127463763
2022-09-18,289.16787239909297
2022-09-19,289.18982447295394
2022-09-20,290.3623656903819
2022-09-21,290.1177315264801
2022-09-22,289.2883589220578
2022-09-23,291.9462624304783
2022-09-24,292.88752023114904
2022-09-25,293.6009166544152
2022-09-26,291.85192092804454
2022-09-27,291.1517846203914
2022-09-28,292.6547752272164
2022-09-29,293.3873762285556
2022-09-30,292.16161668426946
2022-10-01,289.5835330917497
2022-10-02,286.98750475375846
2022-10-03,287.07489897015137
2022-10-04,287.7821082525926
2022-10-05,289.307524289943
2022-10-06,288.18478506097455
2022-10-07,287.1943246012844
2022-10-08,283.8766223940889
2022-10-09,281.393379356293
2022-10-10,280.75331362749546
2022-10-11,280.90966287196545
2022-10-12,279.6492524750842
2022-10-13,280.89168133096
2022-10-14,282.0612159605597
2022-10-15,285.7270105570947
2022-10-16,289.2674442679487
2022-10-17,291.2600648246938
2022-10-18,289.4215938618008
2022-10-19,289.07886005601864
2022-10-20,288.9420929478595
2022-10-21,287.65145875979914
2022-10-22,286.427774724029
2022-10-23,287.6666840794217
2022-10-24,288.35057414818914
2022-10-25,286.98817774612945
2022-10-26,285.5929903495114
2022-10-27,284.4794630877265
2022-10-28,285.04090803898845
2022-10-29,285.9866486264539
2022-10-30,287.43192064464847
2022-10-31,286.1774348078317
2022-11-01,282.76400329303794
2022-11-02,280.95539850358864
2022-11-03,278.92640825109345
2022-11-04,279.29746029851145
2022-11-05,280.25743398729315
2022-11-06,272.5216154697772
2022-11-07,266.8224516749319
2022-11-08,266.42837673614304
2022-11-09,269.96839345737
2022-11-10,274.195523623012
2022-11-11,276.40728736168677
2022-11-12,274.77389393596087
2022-11-13,276.2549151950463
2022-11-14,273.84844448745946
2022-11-15,278.5613886797379
2022-11-16,282.43610608076716
2022-11-17,280.5448154208713
2022-11-18,277.9020212481652
2022-11-19,275.6103610119526
2022-11-20,275.932660506997
2022-11-21,275.95827223341115
2022-11-22,278.80007592155033
2022-11-23,278.43218655325495
2022-11-24,278.6282938463058
2022-11-25,279.51443920535246
2022-11-26,277.94107625293265
2022-11-27,276.58212607145157
2022-11-28,275.9351042516045
2022-11-29,274.22171047253784
2022-11-30,272.86388229982964
2022-12-01,269.688677055041
2022-12-02,272.2870872523011
2022-12-03,271.69219208151833
2022-12-04,269.345608110798
2022-12-05,271.33034693526355
2022-12-06,274.13249551415174
2022-12-07,273.9140100555597
2022-12-08,273.94064794032664
2022-12-09,275.5096665579033
2022-12-10,276.4754014409191
2022-12-11,275.2981933225496
2022-12-12,271.6531487726238
2022-12-13,270.9283441258429
2022-12-14,271.32326705116776
2022-12-15,270.8536051505263
2022-12-16,270.62962197882075
2022-12-17,269.0619786019357
2022-12-18,267.0413013974494
2022-12-19,265.5663127514882
2022-12-20,264.8720986662608
2022-12-21,264.80491962736306
2022-12-22,265.1013618503332
2022-12-23,266.39607229408114
2022-12-24,269.12133448740974
2022-12-25,269.3490409145382
2022-12-26,270.0007276680155
2022-12-27,268.86458066429697
2022-12-28,268.1150268634764
2022-12-29,266.3916235736422
2022-12-30,262.9959527329956
2022-12-31,263.4025216623205
2023-01-01,270.1053120969272
2023-01-02,270.30140325647847
2023-01-03,269.61236237845225
2023-01-04,269.7698444181059
2023-01-05,268.33395807876815
2023-01-06,268.7561869394963
2023-01-07,271.6931911704518
2023-01-08,272.4814368768622
2023-01-09,273.13902332750325
2023-01-10,271.6644742313164
2023-01-11,270.5662360303514
2023-01-12,269.7132555941236
2023-01-13,270.15549712662096
2023-01-14,271.28840292077996
2023-01-15,269.52475194334306
2023-01-16,268.93332851658556
2023-01-17,267.09930739253593
2023-01-18,264.5842133384517
2023-01-19,266.16758144592217
2023-01-20,266.8146887483188
2023-01-21,265.8077100954705
2023-01-22,266.344375397148
2023-01-23,269.61980323705546
2023-01-24,268.76352533768346
2023-01-25,269.74223501361007
2023-01-26,270.3121611055064
2023-01-27,273.2729338480263
2023-01-28,275.8280519193214
2023-01-29,276.79210606906446
2023-01-30,273.5310827797602
2023-01-31,275.07801953026814
2023-02-01,277.69383815471156
2023-02-02,275.71849250058057
2023-02-03,272.0091135385247
2023-02-04,269.5669837800367
2023-02-05,269.71808367125504
2023-02-06,268.8485040472199
2023-02-07,266.9099873727555
2023-02-08,267.1051797154719
2023-02-09,267.2751026774495
2023-02-10,266.18347106370516
2023-02-11,270.1933900863009
2023-02-12,275.4095463497964
2023-02-13,274.9394158045747
2023-02-14,276.0037894273156
2023-02-15,273.9927680054624
2023-02-16,275.08069423901134
2023-02-17,270.20930630009906
2023-02-18,268.63055623680583
2023-02-19,269.0069475548768
2023-02-20,271.66354908111316
2023-02-21,273.2228846699398
2023-02-22,272.69105509748596
2023-02-23,273.17614364020164
2023-02-24,273.3169291652648
2023-02-25,271.46875935606477
2023-02-26,268.9026970942908
2023-02-27,268.93275190158613
2023-02-28,269.1593885732742
2023-03-01,271.5702148439285
2023-03-02,274.2599391805606
2023-03-03,271.31751704938887
2023-03-04,271.140676670598
2023-03-05,271.5527283934865
2023-03-06,268.0760889047123
2023-03-07,267.4603610449688
2023-03-08,267.47479514958496
2023-03-09,267.270494740147
2023-03-10,269.5345051558279
2023-03-11,272.7318857251319
2023-03-12,273.51445090208955
2023-03-13,272.9219426283033
2023-03-14,272.5080540802811
2023-03-15,273.8001629869019
2023-03-16,275.00300948028354
2023-03-17,277.3674313434569
2023-03-18,277.2382824740368
2023-03-19,275.1441129297627
2023-03-20,273.1179609513534
2023-03-21,272.27655516521827
2023-03-22,272.0926731761332
2023-03-23,274.2612518191529
2023-03-24,275.2015143688906
2023-03-25,273.15486866684665
2023-03-26,274.0460296943639
2023-03-27,275.1610070511907
2023-03-28,276.2146717100465
2023-03-29,273.4185664180917
2023-03-30,275.1804861436994
2023-03-31,276.4324638791983
2023-04-01,272.9741313528032
2023-04-02,274.2192168971824
2023-04-03,277.6370685855913
2023-04-04,277.6674129816391
2023-04-05,279.0606566986336
2023-04-06,281.2542664784061
2023-04-07,279.3685240580012
2023-04-08,275.3199033805593
2023-04-09,277.0612391100547
2023-04-10,281.0133151804925
2023-04-11,282.3965429757784
2023-04-12,283.28469893734683
2023-04-13,286.37595564214814
2023-04-14,285.0626182777402
2023-04-15,284.78321939436796
2023-04-16,283.0023924877243
2023-04-17,281.2907835382288
2023-04-18,279.73141134673415
2023-04-19,280.65237370461745
2023-04-20,283.328527104233
2023-04-21,287.01610853644075
2023-04-22,288.4986006832084
2023-04-23,286.6070481825965
2023-04-24,282.2868425411885
2023-04-25,279.73792013650564
2023-04-26,277.9897038472497
2023-04-27,277.1710614498417
2023-04-28,279.0312844818928
2023-04-29,278.9151545616643
2023-04-30,278.40227997598583
2023-05-01,279.7801964269254
2023-05-02,283.1145656318951
2023-05-03,281.8512113809572
2023-05-04,279.71340623408076
2023-05-05,282.4123403703973
2023-05-06,284.99008463093054
2023-05-07,288.63397088600294
2023-05-08,289.39212620826686
2023-05-09,286.8241881011668
2023-05-10,288.3095970359515
2023-05-11,288.65237547296664
2023-05-12,289.2264083803273
2023-05-13,286.84523155350143
2023-05-14,285.1098234305156
2023-05-15,284.56178519465163
2023-05-16,284.80017554807364
2023-05-17,286.1023422840396
2023-05-18,286.60555168159834
2023-05-19,285.3996923226073
2023-05-20,286.20628748538746
2023-05-21,289.781179988157
2023-05-22,290.68985850037603
2023-05-23,289.7264424343627
2023-05-24,289.7739841561376
2023-05-25,289.82479672611197
2023-05-26,290.9453033073979
2023-05-27,292.1970938784068
2023-05-28,294.04907499499103
2023-05-29,293.3596976035339
2023-05-30,291.2868429800393
2023-05-31,292.7671760498961
2023-06-01,295.82267762067056
2023-06-02,296.2018882405135
2023-06-03,294.88393684740976
2023-06-04,295.7904076186208
2023-06-05,297.80314915241365
2023-06-06,298.74261808094815
2023-06-07,299.2421531822627
2023-06-08,298.26581000448016
2023-06-09,297.68524231776564
2023-06-10,297.2775230783294
2023-06-11,293.73015309006655
2023-06-12,290.6157064074478
2023-06-13,291.1858494690167
2023-06-14,291.61532138954897
2023-06-15,288.9318587799938
2023-06-16,287.17831426296334
2023-06-17,288.0628079840797
2023-06-18,288.99392425998695
2023-06-19,290.6050435654236
2023-06-20,290.56487672800705
2023-06-21,293.8423422419668
2023-06-22,297.22252925968996
2023-06-23,299.6433030002884
2023-06-24,298.2260105540777
2023-06-25,295.0311388192164
2023-06-26,292.62097190261136
2023-06-27,292.2160340127131
2023-06-28,293.62982599577896
2023-06-29,294.70137349788337
2023-06-30,297.0722144677974
2023-07-01,297.8890739008761
2023-07-02,295.7806355293898
2023-07-03,296.2617251738294
2023-07-04,297.0585332750679
2023-07-05,296.52741396470515
2023-07-06,297.032537851136
2023-07-07,300.5315091308928
2023-07-08,302.9614533742232
2023-07-09,302.05896912861726
2023-07-10,300.4323211558502
2023-07-11,298.81668185080406
2023-07-12,297.44909815367504
2023-07-13,295.89972530280255
2023-07-14,296.09937858141745
2023-07-15,296.02713465031076
2023-07-16,297.838820564466
2023-07-17,300.0168285410997
2023-07-18,301.9680543202249
2023-07-19,303.9874895413794
2023-07-20,303.8942951721802
2023-07-21,303.21100049108327
2023-07-22,303.4758325628212
2023-07-23,304.54575630789736
2023-07-24,305.9126902581361
2023-07-25,305.34872267598337
2023-07-26,305.62782527702876
2023-07-27,305.27611416528316
2023-07-28,301.493398192882
2023-07-29,299.9489285108285
2023-07-30,300.4763538328978
2023-07-31,301.53994554963367
2023-08-01,301.9095588111299
2023-08-02,302.6614613187342
2023-08-03,302.32137232835964
2023-08-04,298.8863679872227
2023-08-05,295.8417209669396
2023-08-06,296.38282473534844
2023-08-07,297.9381711383514
2023-08-08,298.80765464813044
2023-08-09,299.61435002523797
2023-08-10,297.5372688727631
2023-08-11,297.70711207272024
2023-08-12,301.763119834839
2023-08-13,302.04104976308435
2023-08-14,301.91892749315224
2023-08-15,301.0229930797757
2023-08-16,299.5661851340327
2023-08-17,298.7793124736204
2023-08-18,299.4280854308895
2023-08-19,301.0390128843053
2023-08-20,300.87730151115517
2023-08-21,297.57253754445605
2023-08-22,297.47329072056783
2023-08-23,301.43563286660236
2023-08-24,304.14722712072256
2023-08-25,304.3984208012439
2023-08-26,303.3064547124447
2023-08-27,302.8857235721744
2023-08-28,300.8619694060461
2023-08-29,299.071383165041
2023-08-30,299.4698947654063
2023-08-31,299.58272043927747
2023-09-01,298.95660384143315
2023-09-02,297.1695415438156
2023-09-03,297.9193945790049
2023-09-04,297.3830392440705
2023-09-05,297.36738782258897
2023-09-06,298.37505834961314
2023-09-07,299.24127124997324
2023-09-08,299.3648108174705
2023-09-09,299.14666121860097
2023-09-10,299.76923806989254
2023-09-11,297.00307350344286
2023-09-12,296.34257121799754
2023-09-13,297.00409410652605
2023-09-14,294.8709568989299
2023-09-15,293.2248057282057
2023-09-16,291.7023257321117
2023-09-17,291.89821879563715
2023-09-18,291.4768834561885
2023-09-19,293.1602397718742
2023-09-20,294.596430056089
2023-09-21,294.5731041106289
2023-09-22,292.98009728540256
2023-09-23,294.7055156584212
2023-09-24,293.82433372301097
2023-09-25,292.0923650435093
2023-09-26,290.86837108655646
2023-09-27,289.95561540707564
2023-09-28,291.4012789984321
2023-09-29,292.7360585990288
2023-09-30,292.9133372924962
2023-10-01,290.9572407250206
2023-10-02,287.7844395079884
2023-10-03,287.1728850140574
2023-10-04,288.39652674950804
2023-10-05,289.44907458440144
2023-10-06,286.8963921522105
2023-10-07,285.6212593266014
2023-10-08,286.68036751556394
2023-10-09,286.32133978464327
2023-10-10,283.8988023121457
2023-10-11,281.1864755369658
2023-10-12,276.9504530250891
2023-10-13,277.26537206393306
2023-10-14,279.0693960096381
2023-10-15,278.6538126058856
2023-10-16,278.7614436400706
2023-10-17,279.26130511925106
2023-10-18,277.08678970473585
2023-10-19,275.4923251405062
2023-10-20,275.8149016322375
2023-10-21,277.09784352226706
2023-10-22,278.08232783431134
2023-10-23,280.3515110234768
2023-10-24,283.2925596669406
2023-10-25,284.6265252839762
2023-10-26,282.5827779311579
2023-10-27,281.33810879688946
2023-10-28,281.2361614546047
2023-10-29,281.28061408596324
2023-10-30,280.7154375653741
2023-10-31,280.7439258219566
2023-11-01,283.04010482664614
2023-11-02,283.4979008768384
2023-11-03,281.0145006589778
2023-11-04,275.9036714104876
2023-11-05,277.12698101885536
2023-11-06,273.42524065418047
2023-11-07,272.3499809947627
2023-11-08,269.87091273015983
2023-11-09,269.80505439258513
2023-11-10,269.38079075421075
2023-11-11,268.89842763495665
2023-11-12,269.5555844787129
2023-11-13,272.7057497831408
2023-11-14,269.9293929821229
2023-11-15,269.7311184229661
2023-11-16,272.09422533839535
2023-11-17,275.01402680576604
2023-11-18,274.41903771746377
2023-11-19,272.0280568047389
2023-11-20,272.22383511521673
2023-11-21,273.5540214843875
2023-11-22,274.0556524591153
2023-11-23,276.45079846790145
2023-11-24,277.5164376099066
2023-11-25,275.1223250026652
2023-11-26,273.4474377109539
2023-11-27,272.6459560933512
2023-11-28,272.32464717091176
2023-11-29,274.1602215826995
2023-11-30,275.2400502575255
2023-12-01,274.0780706852659
2023-12-02,273.47426633528465
2023-12-03,274.9853887887165
2023-12-04,270.3993288780258
2023-12-05,269.4817545844432
2023-12-06,268.41058879877465
2023-12-07,268.1604449997388
2023-12-08,270.6927689336705
2023-12-09,271.7559560568902
2023-12-10,272.7353456342938
2023-12-11,273.8278156295934
2023-12-12,271.19895716739205
2023-12-13,270.6024609254404
2023-12-14,269.7962835887851
2023-12-15,268.70798987755416
2023-12-16,270.24945097111805
2023-12-17,270.39300368120246
2023-12-18,267.68034507884704
2023-12-19,264.93079823853503
2023-12-20,265.35967349596973
2023-12-21,266.9461913118529
2023-12-22,269.57738815552494
2023-12-23,268.79537479804776
2023-12-24,266.8145801084835
2023-12-25,264.8226682085658
2023-12-26,263.50502112723404
2023-12-27,260.3846886992519
2023-12-28,262.99819345298255
2023-12-29,263.63914652087965
2023-12-30,262.1047869436653
2023-12-31,263.02814975435683
