Date,TP
2016-01-01,282.7909677966131
2016-01-02,275.33116150578843
2016-01-03,282.1072247121433
2016-01-04,282.5802114932155
2016-01-05,277.42079070935426
2016-01-06,282.57645844871405
2016-01-07,287.83882122702516
2016-01-08,277.668451745382
2016-01-09,278.8156565101069
2016-01-10,280.7624475751952
2016-01-11,286.27231015756485
2016-01-12,277.11145508373596
2016-01-13,271.7565375990392
2016-01-14,278.8205163778352
2016-01-15,275.5596197933376
2016-01-16,271.12095447371735
2016-01-17,271.65431540224955
2016-01-18,275.6853174700026
2016-01-19,272.19743283591094
2016-01-20,272.08955131219216
2016-01-21,270.5845703826252
2016-01-22,272.7426404065197
2016-01-23,271.73413045253227
2016-01-24,271.0910336638747
2016-01-25,277.1045492186275
2016-01-26,272.7920773335625
2016-01-27,276.63566945695896
2016-01-28,277.22725729622107
2016-01-29,274.0477538788823
2016-01-30,286.2562723155519
2016-01-31,281.158581719699
2016-02-01,274.26460684877975
2016-02-02,276.7384000841859
2016-02-03,278.55223731386565
2016-02-04,275.5875556308712
2016-02-05,273.396455014161
2016-02-06,271.5018598456393
2016-02-07,279.6711437656783
2016-02-08,277.44106253731434
2016-02-09,288.38603002445484
2016-02-10,274.8983977582896
2016-02-11,272.853283800126
2016-02-12,280.01271767781486
2016-02-13,280.75334781749626
2016-02-14,276.4743218387188
2016-02-15,271.4159852959062
2016-02-16,273.6609432545488
2016-02-17,272.6733975431089
2016-02-18,273.66769447081793
2016-02-19,270.93298772208817
2016-02-20,277.7886826213599
2016-02-21,272.1882774148597
2016-02-22,272.560818791124
2016-02-23,289.550803953301
2016-02-24,282.2364874044541
2016-02-25,282.17895289824156
2016-02-26,272.5275492883535
2016-02-27,275.5240608074625
2016-02-28,273.50521327747083
2016-03-01,279.0041897461412
2016-03-02,285.7968704581724
2016-03-03,278.2715831933815
2016-03-04,286.22941860926585
2016-03-05,278.10928605192254
2016-03-06,274.99942452914536
2016-03-07,280.3009947514477
2016-03-08,274.9985800482667
2016-03-09,277.1620517604681
2016-03-10,272.020796158981
2016-03-11,270.5263186324758
2016-03-12,272.95840230534924
2016-03-13,273.1529816201213
2016-03-14,278.4417239489477
2016-03-15,272.9420050248351
2016-03-16,280.67270119189783
2016-03-17,277.7545858654096
2016-03-18,281.05462775643105
2016-03-19,279.6332495848081
2016-03-20,285.0259018754315
2016-03-21,282.77777201470195
2016-03-22,275.3366156239898
2016-03-23,270.7930635982975
2016-03-24,270.1534619158231
2016-03-25,274.19465131464074
2016-03-26,271.7733502760789
2016-03-27,281.1408282810646
2016-03-28,276.052533168752
2016-03-29,274.23498488366783
2016-03-30,276.9047831904557
2016-03-31,288.68128563064437
2016-04-01,282.5473078645469
2016-04-02,279.49361046865533
2016-04-03,279.2451796141765
2016-04-04,276.11799570450665
2016-04-05,277.4141978758446
2016-04-06,271.4336477788583
2016-04-07,271.7823686279179
2016-04-08,278.40676776823125
2016-04-09,274.13409927701025
2016-04-10,271.58812564551147
2016-04-11,280.5105194208564
2016-04-12,283.99002103198217
2016-04-13,283.1168788455115
2016-04-14,275.1067862796225
2016-04-15,281.8948533393994
2016-04-16,279.8555393261301
2016-04-17,277.7982477613059
2016-04-18,271.2624466052329
2016-04-19,273.77040560706826
2016-04-20,271.5344141409489
2016-04-21,273.7879058582924
2016-04-22,276.61080803763764
2016-04-23,276.6603260379439
2016-04-24,276.15650361550195
2016-04-25,279.11815668399026
2016-04-26,280.8096668317671
2016-04-27,283.7667176102876
2016-04-28,277.5722471060611
2016-04-29,275.7050225499387
2016-04-30,280.4702145713906
2016-05-01,273.375219284003
2016-05-02,270.61501394730374
2016-05-03,271.9077005605669
2016-05-04,273.3991894234134
2016-05-05,270.2075831031861
2016-05-06,270.17367743428366
2016-05-07,271.64678285123017
2016-05-08,272.96065269490964
2016-05-09,279.0564767616081
2016-05-10,285.87222888841194
2016-05-11,282.2705988552336
2016-05-12,280.7135212591576
2016-05-13,276.09827799773274
2016-05-14,272.2110414947307
2016-05-15,275.60686599754337
2016-05-16,273.08661857181477
2016-05-17,274.0124390351098
2016-05-18,273.87132539737155
2016-05-19,277.9915447370114
2016-05-20,273.3044735664656
2016-05-21,274.6729509788797
2016-05-22,287.16181445830995
2016-05-23,279.16577983650615
2016-05-24,273.0919040102231
2016-05-25,275.3263665461062
2016-05-26,272.7186457141204
2016-05-27,279.17470030338717
2016-05-28,281.62607668552823
2016-05-29,280.35287773933294
2016-05-30,281.52878674416667
2016-05-31,290.2396387988647
2016-06-01,277.79702403948994
2016-06-02,276.1525459416131
2016-06-03,274.81127524238383
2016-06-04,274.2307940091765
2016-06-05,274.01755347900644
2016-06-06,275.3564293380031
2016-06-07,282.8297572183344
2016-06-08,281.9052173687311
2016-06-09,273.2960436838395
2016-06-10,274.210100594762
2016-06-11,280.93971766182904
2016-06-12,278.37468013221627
2016-06-13,277.29568423752033
2016-06-14,279.4036827114295
2016-06-15,281.7846407895134
2016-06-16,281.3637341224858
2016-06-17,279.9689306457353
2016-06-18,281.9823258125017
2016-06-19,275.4440497918747
2016-06-20,274.1064523250675
2016-06-21,273.432996489886
2016-06-22,277.400504430071
2016-06-23,283.3665856098772
2016-06-24,276.01224681246055
2016-06-25,273.4047533251022
2016-06-26,272.76313123680745
2016-06-27,272.287190236986
2016-06-28,272.03868935145067
2016-06-29,271.8785160751448
2016-06-30,271.258403316889
2016-07-01,270.4241117455594
2016-07-02,270.31790813305537
2016-07-03,270.2863813541399
2016-07-04,273.8459942647358
2016-07-05,273.45126895608325
2016-07-06,271.4303376427451
2016-07-07,271.5329213579504
2016-07-08,270.75459863887806
2016-07-09,271.1019038297722
2016-07-10,275.0513345557526
2016-07-11,272.551808414364
2016-07-12,276.9472277947887
2016-07-13,281.5955718760175
2016-07-14,275.2645456376583
2016-07-15,272.92607239325105
2016-07-16,276.4329725090629
2016-07-17,281.85562701237217
2016-07-18,278.88282611358756
2016-07-19,273.09604283706875
2016-07-20,281.80110555249667
2016-07-21,278.496487823793
2016-07-22,281.22148773845146
2016-07-23,281.93077226645045
2016-07-24,279.3463441755892
2016-07-25,274.8293363875363
2016-07-26,272.4872789817752
2016-07-27,274.02031925068644
2016-07-28,277.6215541868536
2016-07-29,275.2608184358607
2016-07-30,273.7074676704659
2016-07-31,275.0789750907558
2016-08-01,274.4855766393136
2016-08-02,274.19735874310516
2016-08-03,271.4496147680252
2016-08-04,278.3699751779436
2016-08-05,273.21663136999604
2016-08-06,270.99312373931065
2016-08-07,271.741192722334
2016-08-08,277.7448451752498
2016-08-09,274.1831826095529
2016-08-10,270.706806384653
2016-08-11,270.25620417446436
2016-08-12,270.948249051078
2016-08-13,276.5107084035125
2016-08-14,272.09922942121676
2016-08-15,272.0044120196916
2016-08-16,272.1815656218851
2016-08-17,270.5703614113305
2016-08-18,276.61113949986367
2016-08-19,273.1602124159768
2016-08-20,277.8727806813903
2016-08-21,275.1030379288829
2016-08-22,276.0965132020751
2016-08-23,272.9568638034073
2016-08-24,274.566148599217
2016-08-25,274.6648381676661
2016-08-26,274.91302628841737
2016-08-27,275.0982825805292
2016-08-28,272.77641187162436
2016-08-29,271.20831182946796
2016-08-30,271.4300353977877
2016-08-31,271.21814705064827
2016-09-01,270.1774661475684
2016-09-02,270.3185262121238
2016-09-03,270.71072748145554
2016-09-04,271.65756742127115
2016-09-05,273.35519806568175
2016-09-06,273.02867230192396
2016-09-07,272.52933725358406
2016-09-08,270.9060500869301
2016-09-09,270.1614964305801
2016-09-10,270.94429545915705
2016-09-11,270.4880163901763
2016-09-12,270.9331611449837
2016-09-13,271.70625643840276
2016-09-14,277.81340110204906
2016-09-15,279.99413251434186
2016-09-16,278.7457819628345
2016-09-17,273.4441940279089
2016-09-18,272.41891430849887
2016-09-19,274.182808922906
2016-09-20,275.0642692759839
2016-09-21,270.90436975134514
2016-09-22,270.2983663262036
2016-09-23,270.260143557023
2016-09-24,271.9631545164876
2016-09-25,272.06194856834855
2016-09-26,270.6591336143815
2016-09-27,270.4498294883132
2016-09-28,270.1286695487267
2016-09-29,270.35761313126307
2016-09-30,274.1627395262631
2016-10-01,280.2451604515348
2016-10-02,276.6390730583004
2016-10-03,280.71868270294067
2016-10-04,278.1977803123248
2016-10-05,273.1207588354688
2016-10-06,270.7898150218564
2016-10-07,272.1811371843875
2016-10-08,273.2165970047737
2016-10-09,276.33981100407317
2016-10-10,271.42070066004555
2016-10-11,270.88948272181784
2016-10-12,274.8522609971286
2016-10-13,289.82978578965907
2016-10-14,280.08401791580945
2016-10-15,275.8376109573231
2016-10-16,279.1022765570563
2016-10-17,274.64718495458567
2016-10-18,272.31458521297293
2016-10-19,271.2922999583899
2016-10-20,274.203565792635
2016-10-21,274.49050246186016
2016-10-22,280.8474686142399
2016-10-23,280.42753613596165
2016-10-24,284.20779303903845
2016-10-25,280.63657051066644
2016-10-26,272.29178203336687
2016-10-27,270.73460966952416
2016-10-28,280.7923049003892
2016-10-29,274.56084953398414
2016-10-30,279.9192511919914
2016-10-31,274.67430886286587
2016-11-01,277.5306598195969
2016-11-02,275.8854640778455
2016-11-03,275.65839934908297
2016-11-04,274.30326980880795
2016-11-05,284.866444204728
2016-11-06,274.13301397164
2016-11-07,272.74338152511353
2016-11-08,271.7423354042492
2016-11-09,276.3604232949265
2016-11-10,274.00182442542587
2016-11-11,276.3800527608012
2016-11-12,276.4698059755168
2016-11-13,273.62644590732265
2016-11-14,272.5703310893287
2016-11-15,274.73596111982044
2016-11-16,284.26636142112034
2016-11-17,281.3212368107391
2016-11-18,278.66152626400077
2016-11-19,272.30045919793616
2016-11-20,276.641725269623
2016-11-21,282.13298271760834
2016-11-22,279.5708469862119
2016-11-23,282.4358832504373
2016-11-24,279.80694532571516
2016-11-25,281.73786210430313
2016-11-26,271.89871704062455
2016-11-27,272.256532860351
2016-11-28,275.33179062304583
2016-11-29,275.1693496747401
2016-11-30,271.3358818398815
2016-12-01,271.23404577959093
2016-12-02,270.18606390928034
2016-12-03,270.3204604218187
2016-12-04,275.46809102034285
2016-12-05,277.96546682226773
2016-12-06,284.00286798604554
2016-12-07,274.80106171253493
2016-12-08,272.9302097120459
2016-12-09,271.90265001351315
2016-12-10,270.77636000610397
2016-12-11,270.8429626916263
2016-12-12,270.68460739101084
2016-12-13,272.90501019567387
2016-12-14,278.8673176369264
2016-12-15,271.9374353079594
2016-12-16,271.6565275319194
2016-12-17,271.8818760743886
2016-12-18,273.408435170752
2016-12-19,278.0115924653708
2016-12-20,276.17891558692617
2016-12-21,275.4647844689665
2016-12-22,278.5160998562574
2016-12-23,275.77108813047045
2016-12-24,270.6344099812315
2016-12-25,271.43153880794375
2016-12-26,273.2449794720086
2016-12-27,270.3881116657664
2016-12-28,273.4834263129161
2016-12-29,270.4346324312749
2016-12-30,270.18079353484774
2016-12-31,270.21581012180235
2017-01-01,271.3526846805101
2017-01-02,274.2387360065121
2017-01-03,281.5139238796817
2017-01-04,280.9748334085823
2017-01-05,273.7974077233183
2017-01-06,272.4625818423539
2017-01-07,285.83280310778133
2017-01-08,275.6764356041933
2017-01-09,274.52446098159515
2017-01-10,278.21132746109646
2017-01-11,281.463851165896
2017-01-12,275.9435482910189
2017-01-13,284.919213944903
2017-01-14,284.83675838249195
2017-01-15,281.3287038303221
2017-01-16,277.9113845041451
2017-01-17,288.8476300483317
2017-01-18,286.54765053151704
2017-01-19,278.1651874446838
2017-01-20,276.04746250269875
2017-01-21,275.2639065692498
2017-01-22,278.9384177592127
2017-01-23,280.1926037937076
2017-01-24,281.70345448557373
2017-01-25,273.2149533201217
2017-01-26,274.70083438312497
2017-01-27,274.49739251200464
2017-01-28,283.3945455256867
2017-01-29,277.8206861475059
2017-01-30,286.36436628979874
2017-01-31,292.2099110619497
2017-02-01,275.9265694277655
2017-02-02,275.27349186407093
2017-02-03,279.3915446330634
2017-02-04,285.6266855649141
2017-02-05,277.11704489756943
2017-02-06,271.7857496141312
2017-02-07,280.3328576626323
2017-02-08,277.86281123968445
2017-02-09,290.3528053715396
2017-02-10,284.7883228807224
2017-02-11,274.5173381187647
2017-02-12,280.20878546532623
2017-02-13,283.9055209223908
2017-02-14,280.37363942779797
2017-02-15,272.5210985139039
2017-02-16,273.25968975908904
2017-02-17,277.8481244196284
2017-02-18,275.0545964574983
2017-02-19,275.71314814789343
2017-02-20,283.7435644323501
2017-02-21,272.6452845547239
2017-02-22,277.5314295430978
2017-02-23,284.38265045073496
2017-02-24,289.8497218353733
2017-02-25,280.6127356491347
2017-02-26,280.50171265317664
2017-02-27,279.7222592577492
2017-02-28,273.48521025819036
2017-03-01,278.03973711678725
2017-03-02,284.7033717634036
2017-03-03,276.1660701355088
2017-03-04,283.53778699671244
2017-03-05,277.93143629024837
2017-03-06,271.52494438365784
2017-03-07,271.1558528267704
2017-03-08,270.8443854122268
2017-03-09,276.58726038228957
2017-03-10,271.15119594303553
2017-03-11,270.22979427555714
2017-03-12,270.27742302060267
2017-03-13,273.34932668519025
2017-03-14,272.7098178777204
2017-03-15,271.1834790964206
2017-03-16,271.92743930299514
2017-03-17,272.63587468737256
2017-03-18,272.0235659541367
2017-03-19,270.37657828518047
2017-03-20,273.3503806594394
2017-03-21,270.921880984158
2017-03-22,270.349402561635
2017-03-23,270.11771734442647
2017-03-24,270.098176952136
2017-03-25,271.9943501317349
2017-03-26,270.27211175620903
2017-03-27,276.7931737254276
2017-03-28,273.66372885228884
2017-03-29,270.5795022037933
2017-03-30,270.9643627466952
2017-03-31,284.1307136989225
2017-04-01,274.16986874424794
2017-04-02,275.9210149602279
2017-04-03,277.8079838415986
2017-04-04,275.04857332949047
2017-04-05,278.2250382857816
2017-04-06,271.35291523116985
2017-04-07,271.25384969314644
2017-04-08,271.35236958837163
2017-04-09,271.9374718045901
2017-04-10,271.4642579851971
2017-04-11,274.83667406140404
2017-04-12,275.19389440876137
2017-04-13,276.81718987905305
2017-04-14,274.0992681416078
2017-04-15,287.8732778699491
2017-04-16,284.63194770099557
2017-04-17,284.48459817935793
2017-04-18,274.5894341253266
2017-04-19,271.8949613415759
2017-04-20,270.10129481951145
2017-04-21,272.1195958542038
2017-04-22,277.67565359701376
2017-04-23,277.3371549665788
2017-04-24,276.2906604775466
2017-04-25,274.1654257597127
2017-04-26,278.42373168073397
2017-04-27,272.94932521794493
2017-04-28,272.0858464648769
2017-04-29,277.2087258550454
2017-04-30,281.418918321696
2017-05-01,279.4234400429249
2017-05-02,271.42468462851696
2017-05-03,273.58958935059115
2017-05-04,274.1519361179463
2017-05-05,272.7013646311503
2017-05-06,273.1568892849513
2017-05-07,274.1044105794701
2017-05-08,278.45093113273253
2017-05-09,278.1710776865674
2017-05-10,285.079624226163
2017-05-11,282.4268624118421
2017-05-12,278.86069787125007
2017-05-13,280.2091506541111
2017-05-14,280.63700251649277
2017-05-15,275.8160254836793
2017-05-16,274.1300707185842
2017-05-17,271.67901288383734
2017-05-18,273.9157909321475
2017-05-19,276.85199624588233
2017-05-20,273.9881871757933
2017-05-21,274.6040075973683
2017-05-22,287.06169331058703
2017-05-23,279.620009488173
2017-05-24,273.52484994618305
2017-05-25,282.66991521863736
2017-05-26,282.5093343372594
2017-05-27,276.62062008852945
2017-05-28,281.59320533666937
2017-05-29,286.0619647471427
2017-05-30,280.38232058261065
2017-05-31,282.63978842365276
2017-06-01,277.78596527946
2017-06-02,282.49839357322264
2017-06-03,281.71833436906536
2017-06-04,276.81764985067855
2017-06-05,277.17321999813123
2017-06-06,280.8398511420449
2017-06-07,277.3950813025553
2017-06-08,277.76767527580665
2017-06-09,279.39980071420354
2017-06-10,281.2349799118729
2017-06-11,285.59975208042704
2017-06-12,277.82671958433735
2017-06-13,273.0821611350947
2017-06-14,273.6786074318955
2017-06-15,275.7940663171136
2017-06-16,277.4037580257066
2017-06-17,275.51366059756526
2017-06-18,285.6099218744192
2017-06-19,277.4881826298211
2017-06-20,278.6617740147298
2017-06-21,273.84462610204776
2017-06-22,275.2210410558913
2017-06-23,277.97248835509447
2017-06-24,275.89097152755323
2017-06-25,273.1166139195805
2017-06-26,273.59519272992594
2017-06-27,272.0112463120267
2017-06-28,271.1287814532756
2017-06-29,272.79549226043787
2017-06-30,276.07975894050696
2017-07-01,275.25183026252614
2017-07-02,276.695012557114
2017-07-03,275.9696820838317
2017-07-04,274.52601141029794
2017-07-05,275.51052946491393
2017-07-06,275.22037785833726
2017-07-07,272.76150368270584
2017-07-08,278.28739445271304
2017-07-09,282.12380937819586
2017-07-10,281.74452128491004
2017-07-11,274.8410930638765
2017-07-12,273.84951514968543
2017-07-13,278.7428940865645
2017-07-14,277.5213553115674
2017-07-15,276.32426133760083
2017-07-16,275.33425578726076
2017-07-17,276.0524885100019
2017-07-18,276.78702527288016
2017-07-19,271.82272603625853
2017-07-20,273.9562928081291
2017-07-21,272.67605524694943
2017-07-22,279.5741032311665
2017-07-23,274.51430644509765
2017-07-24,270.8872189771033
2017-07-25,271.0825487014199
2017-07-26,275.7454239397924
2017-07-27,271.6446514761533
2017-07-28,272.47780008376765
2017-07-29,274.4967946838084
2017-07-30,278.08022693967916
2017-07-31,272.6953709112532
2017-08-01,270.8149141192694
2017-08-02,273.27990380784547
2017-08-03,272.789103654631
2017-08-04,280.8275143757042
2017-08-05,277.38993246113563
2017-08-06,279.59917877441853
2017-08-07,273.6085257298504
2017-08-08,270.7674194126979
2017-08-09,273.17103697261695
2017-08-10,271.98709516201933
2017-08-11,276.11542339169716
2017-08-12,275.71360906493453
2017-08-13,277.1355298882487
2017-08-14,273.04914531587383
2017-08-15,272.03500105613193
2017-08-16,274.0394058728257
2017-08-17,275.69885221924704
2017-08-18,274.8267732599393
2017-08-19,271.1719625869471
2017-08-20,273.8905806929354
2017-08-21,275.8854193523295
2017-08-22,273.3193021550048
2017-08-23,271.48858248274945
2017-08-24,275.30550893860396
2017-08-25,274.5129726012171
2017-08-26,278.39554736168037
2017-08-27,282.1839742571644
2017-08-28,274.7605181079408
2017-08-29,274.082150009183
2017-08-30,271.9914234351924
2017-08-31,271.9477756196923
2017-09-01,270.32420611883055
2017-09-02,270.0197928150022
2017-09-03,270.37212051783234
2017-09-04,271.41512528563936
2017-09-05,270.726082899091
2017-09-06,270.1883587562095
2017-09-07,270.21716347807507
2017-09-08,272.60227110864804
2017-09-09,275.180631434094
2017-09-10,272.99984241364336
2017-09-11,272.24982284677606
2017-09-12,275.5247928065655
2017-09-13,273.0052962160832
2017-09-14,277.0714094231572
2017-09-15,277.08866292705943
2017-09-16,273.9948373162854
2017-09-17,273.3500007101295
2017-09-18,274.87004353671654
2017-09-19,280.5295764058556
2017-09-20,270.6990354399074
2017-09-21,270.7366315335222
2017-09-22,273.1304028183783
2017-09-23,281.20494083001125
2017-09-24,272.7601610424516
2017-09-25,274.837310322161
2017-09-26,273.2087048792397
2017-09-27,270.3397338668071
2017-09-28,275.95641869233555
2017-09-29,282.21140952755326
2017-09-30,285.17426594591365
2017-10-01,292.446208644429
2017-10-02,285.5636747301378
2017-10-03,274.2145784369414
2017-10-04,273.0223589406931
2017-10-05,271.7584922140833
2017-10-06,271.2377162834798
2017-10-07,272.13011714434873
2017-10-08,272.07744977223615
2017-10-09,271.3037212073439
2017-10-10,270.79619383619763
2017-10-11,275.81595673535753
2017-10-12,274.7605210439838
2017-10-13,282.663618055168
2017-10-14,286.43034646616985
2017-10-15,279.34225800133333
2017-10-16,272.31771203202817
2017-10-17,273.30786335670393
2017-10-18,271.8936851675307
2017-10-19,273.3847386331163
2017-10-20,271.81521094935897
2017-10-21,270.55245872530725
2017-10-22,273.8302486902845
2017-10-23,278.61796248781474
2017-10-24,280.5066922782512
2017-10-25,273.27455847646564
2017-10-26,270.54850864578736
2017-10-27,270.57961954146367
2017-10-28,271.5410692404477
2017-10-29,275.7660724393364
2017-10-30,283.1671072117012
2017-10-31,276.8534001823174
2017-11-01,275.8538898941636
2017-11-02,280.97742975148
2017-11-03,274.83585310456294
2017-11-04,273.3623753688804
2017-11-05,279.51049951277645
2017-11-06,272.0933135713972
2017-11-07,271.77370464405385
2017-11-08,274.89349301254316
2017-11-09,278.7735103588103
2017-11-10,272.6939675939335
2017-11-11,274.3493098434463
2017-11-12,277.6746518750492
2017-11-13,275.9706207313135
2017-11-14,271.3743025957449
2017-11-15,279.4968439481278
2017-11-16,281.91117598476075
2017-11-17,273.2843973920008
2017-11-18,281.16626910911793
2017-11-19,275.8708930959347
2017-11-20,281.90215666087266
2017-11-21,288.50313502538546
2017-11-22,284.4052682419408
2017-11-23,285.4670212886569
2017-11-24,278.3211989700981
2017-11-25,282.34451461079163
2017-11-26,271.8577001908461
2017-11-27,277.17686938100553
2017-11-28,275.38261938497175
2017-11-29,281.965473029587
2017-11-30,276.6644408982078
2017-12-01,275.50902755460174
2017-12-02,283.64886528129887
2017-12-03,274.0498496916855
2017-12-04,283.5380749548726
2017-12-05,271.86442880405747
2017-12-06,274.1148417090319
2017-12-07,278.31049913992155
2017-12-08,277.4287376982064
2017-12-09,281.0750350298539
2017-12-10,277.1112200168342
2017-12-11,278.5584815651667
2017-12-12,277.58839595665
2017-12-13,273.1390243193021
2017-12-14,271.4568283909587
2017-12-15,273.7899314687915
2017-12-16,273.4374212185682
2017-12-17,279.8887289299218
2017-12-18,272.7114179675333
2017-12-19,271.0358334362011
2017-12-20,272.952107942241
2017-12-21,273.6014112713601
2017-12-22,273.9605926596695
2017-12-23,274.31250301579513
2017-12-24,271.5255812050186
2017-12-25,282.71085116316254
2017-12-26,272.87268229129984
2017-12-27,278.4171522417982
2017-12-28,276.45452504842865
2017-12-29,270.77180930683335
2017-12-30,277.85357713695004
2017-12-31,271.05027524442477
2018-01-01,274.6817871176362
2018-01-02,273.7618072693606
2018-01-03,278.84110813423206
2018-01-04,281.07238440859055
2018-01-05,273.8212526412441
2018-01-06,272.64139770025105
2018-01-07,286.988823906216
2018-01-08,282.3814753292646
2018-01-09,276.8293608292283
2018-01-10,281.70677404291115
2018-01-11,284.6731800785436
2018-01-12,283.8647715659605
2018-01-13,285.70443909961415
2018-01-14,284.1208142869877
2018-01-15,273.49008028818787
2018-01-16,278.1297843345875
2018-01-17,275.59295843046124
2018-01-18,285.7473776141202
2018-01-19,275.2941166482759
2018-01-20,274.99625067671406
2018-01-21,278.6854789530403
2018-01-22,278.67784250753476
2018-01-23,273.78778140448577
2018-01-24,276.1506172012203
2018-01-25,278.71588867970013
2018-01-26,276.85386809448653
2018-01-27,282.5515675596926
2018-01-28,292.978440310314
2018-01-29,281.25865809089237
2018-01-30,281.67929050568074
2018-01-31,283.57656651392807
2018-02-01,274.31089343916886
2018-02-02,276.69210549795343
2018-02-03,285.9743984442407
2018-02-04,282.0733755080715
2018-02-05,277.2683403711947
2018-02-06,271.6018820106046
2018-02-07,290.18949311606764
2018-02-08,278.7361739646525
2018-02-09,290.2692983476854
2018-02-10,279.7572886841449
2018-02-11,274.6768576817221
2018-02-12,284.0914083179455
2018-02-13,291.1817226823721
2018-02-14,285.6816825442404
2018-02-15,272.00076264683383
2018-02-16,270.55886781313046
2018-02-17,271.4149319619988
2018-02-18,273.68103195341104
2018-02-19,271.8836400867848
2018-02-20,278.6897009102487
2018-02-21,275.6031496233907
2018-02-22,272.8171635231032
2018-02-23,281.54654558683694
2018-02-24,285.52143142725146
2018-02-25,280.3317152822558
2018-02-26,273.6816904645747
2018-02-27,278.8881163969183
2018-02-28,280.37007793736444
2018-03-01,280.56440511926155
2018-03-02,290.2762999736387
2018-03-03,277.16702898079046
2018-03-04,286.24093238704216
2018-03-05,277.80202387319
2018-03-06,271.26781896353356
2018-03-07,273.4009919845738
2018-03-08,275.07906162281984
2018-03-09,281.85932441419783
2018-03-10,273.2034665222904
2018-03-11,273.1454658113668
2018-03-12,282.00827631408055
2018-03-13,275.5679264478923
2018-03-14,272.86768902930027
2018-03-15,271.93792842442974
2018-03-16,275.33667281992905
2018-03-17,277.344971789013
2018-03-18,272.56233348809974
2018-03-19,272.05202558895826
2018-03-20,279.6276441767627
2018-03-21,273.1674407479695
2018-03-22,273.145070604806
2018-03-23,278.5630426149504
2018-03-24,276.2479235161449
2018-03-25,275.669824839846
2018-03-26,275.21481717510267
2018-03-27,278.11231494751803
2018-03-28,274.32099074610977
2018-03-29,272.2136220611226
2018-03-30,273.16143998375895
2018-03-31,288.73801137258226
2018-04-01,278.79250827945646
2018-04-02,278.87487654093167
2018-04-03,285.4993857667744
2018-04-04,278.88213966807535
2018-04-05,278.00722301844536
2018-04-06,272.9347927892024
2018-04-07,272.5621684070118
2018-04-08,270.8556187476298
2018-04-09,271.8690592234625
2018-04-10,271.4913354564502
2018-04-11,277.1131117092632
2018-04-12,285.55706251677213
2018-04-13,278.2630503206837
2018-04-14,276.10875655436166
2018-04-15,283.267107980034
2018-04-16,283.0467622211551
2018-04-17,284.3008353652468
2018-04-18,277.6521770142765
2018-04-19,276.08053061991995
2018-04-20,271.90485980031747
2018-04-21,272.22001955115275
2018-04-22,274.54087272187326
2018-04-23,275.070213501127
2018-04-24,292.105376032782
2018-04-25,275.5266736116522
2018-04-26,281.084302314425
2018-04-27,276.69906934826196
2018-04-28,276.30082901961504
2018-04-29,277.4589101203923
2018-04-30,287.78097859253256
2018-05-01,279.05652663201136
2018-05-02,280.2778344206035
2018-05-03,273.57218916729084
2018-05-04,270.83108673471315
2018-05-05,270.13618603054755
2018-05-06,270.1268965699006
2018-05-07,276.5450573171481
2018-05-08,276.87222146941605
2018-05-09,281.8677124461737
2018-05-10,290.75689464311716
2018-05-11,281.76985994929765
2018-05-12,284.10088824744355
2018-05-13,278.5704075323156
2018-05-14,273.1569707494903
2018-05-15,273.35877293285165
2018-05-16,272.9758839662624
2018-05-17,270.807578333605
2018-05-18,273.9922798660366
2018-05-19,275.5828348315655
2018-05-20,273.7558783503371
2018-05-21,276.0890092956152
2018-05-22,285.89263303510177
2018-05-23,281.2883122268967
2018-05-24,273.6522076025248
2018-05-25,277.2979729505193
2018-05-26,277.7428621021041
2018-05-27,277.57382594182315
2018-05-28,278.9408907370778
2018-05-29,279.94545083175643
2018-05-30,280.4970838854701
2018-05-31,284.0529053637898
2018-06-01,280.0979550879327
2018-06-02,276.86333807541746
2018-06-03,273.9420085876435
2018-06-04,278.26073264695395
2018-06-05,283.31808052260436
2018-06-06,283.251162625244
2018-06-07,283.7570138518277
2018-06-08,274.3250597276978
2018-06-09,270.28789810374354
2018-06-10,273.6518967039703
2018-06-11,279.1219314267454
2018-06-12,275.0695365749133
2018-06-13,272.6310738234003
2018-06-14,274.7033885852554
2018-06-15,277.99451050758563
2018-06-16,278.5675969047325
2018-06-17,275.2511663336419
2018-06-18,277.3934202103063
2018-06-19,278.51963190856975
2018-06-20,276.56491127043785
2018-06-21,273.73714585235183
2018-06-22,276.0811164295941
2018-06-23,282.0739936259527
2018-06-24,279.9424669526543
2018-06-25,272.58693805989105
2018-06-26,270.9632028684627
2018-06-27,270.71406596013793
2018-06-28,270.8131024560188
2018-06-29,271.11623862389405
2018-06-30,270.67301050096796
2018-07-01,270.76522515235195
2018-07-02,273.22777833355457
2018-07-03,272.54044783179387
2018-07-04,272.2296183118721
2018-07-05,272.4194131706624
2018-07-06,271.4609934257058
2018-07-07,272.5433204559492
2018-07-08,275.13276971997686
2018-07-09,281.7043824918788
2018-07-10,279.0482127387431
2018-07-11,273.838908270905
2018-07-12,277.1551911004414
2018-07-13,281.8286365496347
2018-07-14,280.7530804767568
2018-07-15,279.90044466056037
2018-07-16,280.80711821506685
2018-07-17,277.97609922180243
2018-07-18,280.09156937240704
2018-07-19,277.0611026354622
2018-07-20,275.93791120841877
2018-07-21,274.21182801464937
2018-07-22,277.070901916411
2018-07-23,275.68817354369503
2018-07-24,274.4397965000129
2018-07-25,274.4842447267872
2018-07-26,275.5909711317986
2018-07-27,273.5415714260839
2018-07-28,272.1549459834942
2018-07-29,271.36500504645716
2018-07-30,271.9218968454261
2018-07-31,277.1638170814972
2018-08-01,276.6565975300874
2018-08-02,279.8764320925146
2018-08-03,278.3308689994479
2018-08-04,280.9628799404427
2018-08-05,274.224710655712
2018-08-06,271.58125567697294
2018-08-07,270.73969155595756
2018-08-08,271.5161689103476
2018-08-09,270.7255813392595
2018-08-10,270.6014994951105
2018-08-11,270.3952496590796
2018-08-12,270.3450841757923
2018-08-13,270.34000342954596
2018-08-14,271.6538764974731
2018-08-15,272.2506629143887
2018-08-16,272.40869594188496
2018-08-17,271.3414387271286
2018-08-18,271.7481477518532
2018-08-19,270.37499804317133
2018-08-20,270.1562302233408
2018-08-21,271.4140909624889
2018-08-22,272.82697030658954
2018-08-23,278.3865511466905
2018-08-24,274.45279398812056
2018-08-25,276.33534232387103
2018-08-26,275.71716898556537
2018-08-27,274.8620019386506
2018-08-28,273.2424847810878
2018-08-29,273.3399101186192
2018-08-30,272.653682851093
2018-08-31,272.0595090740209
2018-09-01,271.98731883529246
2018-09-02,272.7812038685802
2018-09-03,272.760946009862
2018-09-04,275.4505879903913
2018-09-05,271.0197416488537
2018-09-06,271.2033319613069
2018-09-07,270.13515392176424
2018-09-08,271.5523636225739
2018-09-09,275.01774069867633
2018-09-10,275.05759081901334
2018-09-11,276.18549729045964
2018-09-12,280.6232299470085
2018-09-13,284.4921427429831
2018-09-14,279.96256253017765
2018-09-15,280.2628119763528
2018-09-16,273.96472245709185
2018-09-17,272.762879406276
2018-09-18,272.1586879616914
2018-09-19,270.80105742456067
2018-09-20,270.19419638987426
2018-09-21,270.3310180230191
2018-09-22,271.7082280410237
2018-09-23,272.8601669406372
2018-09-24,270.74619580146043
2018-09-25,271.1126450429835
2018-09-26,271.22527990503494
2018-09-27,272.1233463392916
2018-09-28,270.0505410329509
2018-09-29,270.5157594014292
2018-09-30,275.1899250524619
2018-10-01,279.5157746838704
2018-10-02,278.2816724629715
2018-10-03,277.0499985038299
2018-10-04,270.311440475074
2018-10-05,271.48571883587005
2018-10-06,271.2944015486474
2018-10-07,273.8176182962153
2018-10-08,273.24462170375267
2018-10-09,279.13940273619346
2018-10-10,270.8094188106164
2018-10-11,273.65080153710187
2018-10-12,273.8685543541791
2018-10-13,279.23904542728354
2018-10-14,285.37811018527054
2018-10-15,277.6178073840536
2018-10-16,275.4910696992182
2018-10-17,280.6709459286002
2018-10-18,278.93032178919776
2018-10-19,280.4425943203354
2018-10-20,277.4144453146285
2018-10-21,273.51351555845537
2018-10-22,272.4272497996241
2018-10-23,272.8097085548282
2018-10-24,276.5540484319426
2018-10-25,276.3548500408745
2018-10-26,279.4985234511807
2018-10-27,280.5472827271406
2018-10-28,287.5618126521581
2018-10-29,273.3670023848296
2018-10-30,270.94568865275164
2018-10-31,276.80738913505877
2018-11-01,273.3243559487818
2018-11-02,273.9122946536918
2018-11-03,272.3823800485868
2018-11-04,271.88455886774557
2018-11-05,285.081987739984
2018-11-06,272.2707197289017
2018-11-07,275.0793237247667
2018-11-08,271.93404570929346
2018-11-09,275.57112752376554
2018-11-10,272.2816145324952
2018-11-11,273.34419630424844
2018-11-12,273.2814760083707
2018-11-13,278.50961095930336
2018-11-14,281.75479575744055
2018-11-15,279.4180014105029
2018-11-16,282.541147836216
2018-11-17,274.23620403482937
2018-11-18,284.74442502490615
2018-11-19,279.03415341501153
2018-11-20,277.47872907706807
2018-11-21,280.6934203383617
2018-11-22,280.2710271793533
2018-11-23,294.15460501726204
2018-11-24,278.0348016849644
2018-11-25,275.7984117612984
2018-11-26,277.02444731548815
2018-11-27,277.8313847332889
2018-11-28,272.4023809404688
2018-11-29,279.3309243559619
2018-11-30,272.4390306725362
2018-12-01,278.20086752372134
2018-12-02,273.3408893031174
2018-12-03,272.2108344043175
2018-12-04,274.5506940865122
2018-12-05,272.82959146174306
2018-12-06,278.86496379039244
2018-12-07,276.55616936130144
2018-12-08,274.64504168462054
2018-12-09,273.12208528889136
2018-12-10,279.92605424572787
2018-12-11,275.34501711822315
2018-12-12,275.58434051201976
2018-12-13,273.0414741080025
2018-12-14,270.6617378151683
2018-12-15,282.44708750109777
2018-12-16,273.87063114452314
2018-12-17,270.7379368267034
2018-12-18,281.2207766301506
2018-12-19,272.9086727078802
2018-12-20,280.2742993461029
2018-12-21,275.6261735053023
2018-12-22,274.7528741062296
2018-12-23,271.10025451687676
2018-12-24,271.48077656278105
2018-12-25,272.6755733547379
2018-12-26,273.60965404887
2018-12-27,277.24459614492935
2018-12-28,280.196172441904
2018-12-29,271.23251973337244
2018-12-30,270.08531720292524
2018-12-31,270.0309100299787
2019-01-01,270.47643755056043
2019-01-02,274.87272936170797
2019-01-03,284.2764377861867
2019-01-04,301.2648651969691
2019-01-05,286.9468889527628
2019-01-06,277.8947648233078
2019-01-07,294.31983557579343
2019-01-08,288.0905216098143
2019-01-09,276.53771024717463
2019-01-10,283.54334337014825
2019-01-11,288.7051609429412
2019-01-12,282.89033701016643
2019-01-13,275.207747044632
2019-01-14,294.2701659273138
2019-01-15,276.97601254623845
2019-01-16,274.61679948327014
2019-01-17,276.4442598128686
2019-01-18,279.99673561315535
2019-01-19,273.628990628121
2019-01-20,274.6808588146262
2019-01-21,279.4099689472861
2019-01-22,278.85173110739464
2019-01-23,276.2577523558625
2019-01-24,281.71813785009664
2019-01-25,282.80826540683114
2019-01-26,277.2007753985791
2019-01-27,275.5220015348291
2019-01-28,281.0686703349149
2019-01-29,285.82059782991223
2019-01-30,286.2323129574178
2019-01-31,286.27110783185424
2019-02-01,281.3626355763333
2019-02-02,279.1096706386305
2019-02-03,288.27268380440074
2019-02-04,279.49894782580105
2019-02-05,276.0020008854329
2019-02-06,272.6795128357288
2019-02-07,281.17943495839785
2019-02-08,277.8704783490174
2019-02-09,288.42552611209527
2019-02-10,276.4376987492416
2019-02-11,276.5527479608606
2019-02-12,281.08248593032175
2019-02-13,286.462832534908
2019-02-14,278.83066123268134
2019-02-15,273.1610922392472
2019-02-16,272.39972448820015
2019-02-17,273.2278922240985
2019-02-18,275.9704748001916
2019-02-19,271.95277079863394
2019-02-20,278.3460875605703
2019-02-21,277.99404607434496
2019-02-22,274.52156203652146
2019-02-23,287.9555525929527
2019-02-24,281.86010566386034
2019-02-25,279.43856189460104
2019-02-26,281.7518466716133
2019-02-27,275.57011562606795
2019-02-28,271.9940162949965
2019-03-01,274.9745686848012
2019-03-02,281.4047088262139
2019-03-03,274.43514033263597
2019-03-04,283.16097116620614
2019-03-05,279.8539529244789
2019-03-06,276.9508942111169
2019-03-07,272.0003922738143
2019-03-08,275.3557051687573
2019-03-09,283.64734113121517
2019-03-10,273.0607644662664
2019-03-11,274.3193980258723
2019-03-12,273.17259444554793
2019-03-13,271.94625238706675
2019-03-14,272.5967893379975
2019-03-15,272.58088487834846
2019-03-16,279.96787731719155
2019-03-17,275.77574797157484
2019-03-18,279.14665646291667
2019-03-19,277.7174159279673
2019-03-20,278.12538001691627
2019-03-21,279.32608904051256
2019-03-22,276.0720904896697
2019-03-23,272.7026990802825
2019-03-24,282.66252736409217
2019-03-25,280.3147162819973
2019-03-26,271.0490146210767
2019-03-27,276.7624151042513
2019-03-28,273.6302096068207
2019-03-29,275.8240916777354
2019-03-30,272.8560670967484
2019-03-31,294.26571261639975
2019-04-01,274.93016130742467
2019-04-02,275.0980897156729
2019-04-03,277.7202016077237
2019-04-04,276.39918251827527
2019-04-05,278.3372946304866
2019-04-06,271.94472390448067
2019-04-07,271.26446498308513
2019-04-08,270.9112788256012
2019-04-09,272.50677992763576
2019-04-10,271.4622889974754
2019-04-11,274.79609682618633
2019-04-12,274.5020545995315
2019-04-13,276.77239805147326
2019-04-14,272.2348308437187
2019-04-15,275.3871028360528
2019-04-16,276.80639842854333
2019-04-17,277.51441682921507
2019-04-18,272.3807521488708
2019-04-19,273.68416571602637
2019-04-20,270.92584707629464
2019-04-21,272.2592165119162
2019-04-22,276.5521246498198
2019-04-23,277.23700097781966
2019-04-24,279.4378333993832
2019-04-25,280.2100074456147
2019-04-26,279.76360566915486
2019-04-27,272.297942084005
2019-04-28,272.91257656476307
2019-04-29,277.19657221418856
2019-04-30,284.4702708416072
2019-05-01,286.7474263461862
2019-05-02,278.2809017041645
2019-05-03,278.10091259773407
2019-05-04,272.0658471295003
2019-05-05,270.29043449651454
2019-05-06,270.17391010679813
2019-05-07,273.76426250102475
2019-05-08,281.11843155735716
2019-05-09,279.20485276796217
2019-05-10,281.061527637933
2019-05-11,278.59375819919774
2019-05-12,281.20606107588173
2019-05-13,274.6133748258012
2019-05-14,271.3360762711489
2019-05-15,273.28641378751655
2019-05-16,272.5232565810551
2019-05-17,271.9026024444561
2019-05-18,274.7353545139796
2019-05-19,274.238624276353
2019-05-20,273.07804549904415
2019-05-21,278.5122853586909
2019-05-22,287.38898641907963
2019-05-23,290.1824322604559
2019-05-24,279.7796681993491
2019-05-25,274.3590930649781
2019-05-26,275.44882422440776
2019-05-27,277.28305023864334
2019-05-28,280.62656194735024
2019-05-29,278.41737766813185
2019-05-30,284.02085608366366
2019-05-31,293.3965401578439
2019-06-01,278.52564206161634
2019-06-02,275.4199163927253
2019-06-03,275.29146504796734
2019-06-04,274.0420342137624
2019-06-05,277.2061347407495
2019-06-06,281.195521639896
2019-06-07,277.49794578212504
2019-06-08,272.6280731159498
2019-06-09,270.81330279849374
2019-06-10,273.29230569510503
2019-06-11,278.34443114891667
2019-06-12,274.99267031210115
2019-06-13,272.2905454999315
2019-06-14,273.28015764576156
2019-06-15,276.1867914120478
2019-06-16,279.39204066503083
2019-06-17,279.85408615183667
2019-06-18,285.86894423300737
2019-06-19,281.17906537791896
2019-06-20,275.4772962370815
2019-06-21,273.9985924182035
2019-06-22,275.1273921000133
2019-06-23,277.920742051744
2019-06-24,276.6320911157049
2019-06-25,276.4743289747686
2019-06-26,280.6401602794127
2019-06-27,275.29713245226765
2019-06-28,276.28102357093974
2019-06-29,271.93007657658825
2019-06-30,272.5646088250043
2019-07-01,275.59468322196733
2019-07-02,277.64725487434725
2019-07-03,277.1865472335064
2019-07-04,282.1235688739579
2019-07-05,281.0459530361355
2019-07-06,278.4499909866234
2019-07-07,277.9589546254699
2019-07-08,275.61543032192793
2019-07-09,276.3115894200112
2019-07-10,277.40851184653536
2019-07-11,277.32878519995165
2019-07-12,277.565730755852
2019-07-13,279.9610151192276
2019-07-14,280.33943090315387
2019-07-15,279.73001626829256
2019-07-16,278.21788409330304
2019-07-17,276.41376292740745
2019-07-18,278.97700728759634
2019-07-19,273.17778763154564
2019-07-20,272.14099312373526
2019-07-21,273.5541529643763
2019-07-22,280.44000626051155
2019-07-23,282.49847931343004
2019-07-24,278.2797222551045
2019-07-25,274.0049180160706
2019-07-26,273.91576145602744
2019-07-27,274.4328942200985
2019-07-28,276.6210973410115
2019-07-29,274.4961884091578
2019-07-30,274.18646336642706
2019-07-31,276.0219764152907
2019-08-01,277.4531065571085
2019-08-02,282.92696482381933
2019-08-03,275.0054680027121
2019-08-04,276.4713391062161
2019-08-05,272.65839715370413
2019-08-06,272.915633070557
2019-08-07,277.5248488846739
2019-08-08,284.71950321323163
2019-08-09,273.8168351366568
2019-08-10,273.0954706475122
2019-08-11,270.5703537456396
2019-08-12,270.5032964441206
2019-08-13,270.29829943150946
2019-08-14,271.6554661574595
2019-08-15,272.43788440940386
2019-08-16,281.9589199301863
2019-08-17,276.4976328915927
2019-08-18,280.3991692844148
2019-08-19,278.720722736804
2019-08-20,274.71763193774143
2019-08-21,274.00488720976176
2019-08-22,273.88495906529704
2019-08-23,277.3923863896246
2019-08-24,274.1875086249898
2019-08-25,274.8329726172709
2019-08-26,278.1323750449492
2019-08-27,275.7371349907917
2019-08-28,271.74774415672476
2019-08-29,271.98130662855306
2019-08-30,271.41018715966857
2019-08-31,271.1544322818313
2019-09-01,270.63465214269286
2019-09-02,284.071960695751
2019-09-03,274.1641344031496
2019-09-04,271.66926313180386
2019-09-05,271.54402627545994
2019-09-06,272.8668032431378
2019-09-07,273.52055968110443
2019-09-08,272.65544143675356
2019-09-09,273.7593909615932
2019-09-10,273.9815316131942
2019-09-11,271.4054151705119
2019-09-12,275.2409201888014
2019-09-13,284.12525748912515
2019-09-14,284.93077753791306
2019-09-15,283.09938643189577
2019-09-16,274.8340631094463
2019-09-17,282.491392725705
2019-09-18,281.1837160182049
2019-09-19,272.3667784236631
2019-09-20,270.60028664849193
2019-09-21,270.9012722977482
2019-09-22,270.2415720635904
2019-09-23,270.40806078717594
2019-09-24,271.7007414006492
2019-09-25,273.00961651569094
2019-09-26,278.0435007965947
2019-09-27,271.40339694403497
2019-09-28,275.81502012131034
2019-09-29,271.3943397719192
2019-09-30,274.12120625514535
2019-10-01,278.5792357470691
2019-10-02,270.30831571878934
2019-10-03,271.38866093472836
2019-10-04,270.9686606586097
2019-10-05,270.9081717691288
2019-10-06,270.2552502870335
2019-10-07,270.0990458613444
2019-10-08,269.9689013167152
2019-10-09,274.26186411825336
2019-10-10,274.2267006860588
2019-10-11,272.6106020678314
2019-10-12,271.9061201684917
2019-10-13,275.94035477351196
2019-10-14,277.2264965749756
2019-10-15,271.21848788304777
2019-10-16,270.1192146680995
2019-10-17,270.8611494872826
2019-10-18,271.03219563074805
2019-10-19,271.29486017348967
2019-10-20,274.3407618542875
2019-10-21,273.12129338057923
2019-10-22,271.08866409336247
2019-10-23,271.5070848392114
2019-10-24,275.10759524406797
2019-10-25,272.0562639831363
2019-10-26,272.3598963486832
2019-10-27,270.36848523145113
2019-10-28,270.1388658211197
2019-10-29,273.5539817331576
2019-10-30,274.3930364516368
2019-10-31,275.4257818221461
2019-11-01,274.767864932697
2019-11-02,274.24770827488913
2019-11-03,274.2279655615565
2019-11-04,276.93584793518744
2019-11-05,284.7979571583581
2019-11-06,275.5395975488586
2019-11-07,270.88176687010554
2019-11-08,270.6351822717077
2019-11-09,277.5225447576878
2019-11-10,275.84979602397834
2019-11-11,274.3133383594836
2019-11-12,278.71774644402166
2019-11-13,272.1217431401015
2019-11-14,271.6421001730746
2019-11-15,272.00444203280375
2019-11-16,278.66428164157304
2019-11-17,275.0752313221318
2019-11-18,280.07379908421785
2019-11-19,273.42166779041975
2019-11-20,276.3550808108458
2019-11-21,279.73852346652103
2019-11-22,277.6184659856188
2019-11-23,280.0616898316374
2019-11-24,276.9610876956138
2019-11-25,278.6974253486053
2019-11-26,272.37737075775567
2019-11-27,275.9439890840654
2019-11-28,274.11073406180014
2019-11-29,272.4900302979641
2019-11-30,271.8864531065083
2019-12-01,276.8010413915122
2019-12-02,279.6334429062465
2019-12-03,271.5959530316349
2019-12-04,270.5955622256177
2019-12-05,270.2207677174692
2019-12-06,276.91830112385793
2019-12-07,277.68898732977755
2019-12-08,278.24131331524774
2019-12-09,274.96535792805844
2019-12-10,271.81716217932467
2019-12-11,277.64968277605834
2019-12-12,281.5775817285317
2019-12-13,283.01869106888523
2019-12-14,274.38626958827064
2019-12-15,272.85541032992415
2019-12-16,271.3684320366005
2019-12-17,280.94282695263166
2019-12-18,275.3654644930006
2019-12-19,281.76859549348035
2019-12-20,276.38553284464604
2019-12-21,279.44086794140577
2019-12-22,279.5264222583649
2019-12-23,277.61847993928706
2019-12-24,274.8696460233397
2019-12-25,271.72161588148344
2019-12-26,280.58723926841117
2019-12-27,274.3510608844293
2019-12-28,271.985634200441
2019-12-29,277.80101369059537
2019-12-30,273.5401297000409
2019-12-31,271.1282639341533
2020-01-01,271.5766415143762
2020-01-02,274.30464767349787
2020-01-03,283.1945178540436
2020-01-04,288.09386947927925
2020-01-05,278.6779929279114
2020-01-06,280.93571471454794
2020-01-07,292.85095457876855
2020-01-08,289.57319301238863
2020-01-09,283.54723931283945
2020-01-10,280.80711466832474
2020-01-11,288.618513485898
2020-01-12,278.11464105606035
2020-01-13,271.96434686635524
2020-01-14,278.56873198416207
2020-01-15,274.8630107695025
2020-01-16,276.298841081585
2020-01-17,278.2790816995929
2020-01-18,280.70430084615435
2020-01-19,274.7812352829271
2020-01-20,282.5342127422256
2020-01-21,275.7874214364648
2020-01-22,278.5484592680158
2020-01-23,275.2370034492823
2020-01-24,271.4836937036614
2020-01-25,273.5219437979056
2020-01-26,272.3198540192871
2020-01-27,277.862565204424
2020-01-28,283.0891916637295
2020-01-29,273.67135584135656
2020-01-30,280.7129483190542
2020-01-31,287.3858718388648
2020-02-01,275.0161067703718
2020-02-02,279.5690448265077
2020-02-03,284.53650559019115
2020-02-04,275.0840669995807
2020-02-05,272.2287266146906
2020-02-06,270.63544081708767
2020-02-07,279.37244645063
2020-02-08,277.3457033475935
2020-02-09,289.0101433052757
2020-02-10,274.91075032361334
2020-02-11,273.1029299120844
2020-02-12,280.2563377406256
2020-02-13,281.0782929970631
2020-02-14,276.3419832999032
2020-02-15,271.351357282954
2020-02-16,270.72038622159175
2020-02-17,271.41535596233314
2020-02-18,281.5967112660407
2020-02-19,277.6853500036686
2020-02-20,280.84589375891784
2020-02-21,274.63758718586615
2020-02-22,275.52044545403186
2020-02-23,281.9953002614703
2020-02-24,283.5257107498595
2020-02-25,281.7314083304064
2020-02-26,272.95315963725056
2020-02-27,274.4552217609381
2020-02-28,271.8413769429728
2020-03-01,277.1961144276
2020-03-02,282.566172965669
2020-03-03,273.43415161975145
2020-03-04,282.30542139253157
2020-03-05,282.47623687591044
2020-03-06,274.5132107250835
2020-03-07,277.68776708012757
2020-03-08,273.92388185206465
2020-03-09,283.67881585802667
2020-03-10,274.06550742084414
2020-03-11,280.5372650114596
2020-03-12,277.1482784091083
2020-03-13,271.6520919814451
2020-03-14,272.6594125011426
2020-03-15,275.1150147329916
2020-03-16,273.48101015792355
2020-03-17,273.9066685164966
2020-03-18,281.6405586047062
2020-03-19,274.54983476829887
2020-03-20,275.6109796291022
2020-03-21,271.82844272590677
2020-03-22,273.466995210715
2020-03-23,273.0860916732825
2020-03-24,270.9383847260466
2020-03-25,272.3537228045636
2020-03-26,270.40288927794995
2020-03-27,277.0526352034904
2020-03-28,278.2586862471182
2020-03-29,283.79149992007945
2020-03-30,278.7713354730028
2020-03-31,289.69384021533773
2020-04-01,276.8714937853753
2020-04-02,279.01106463169265
2020-04-03,279.18571336686426
2020-04-04,276.78894691216306
2020-04-05,284.59377504299334
2020-04-06,272.6299117538953
2020-04-07,274.88756743844226
2020-04-08,271.38566947541716
2020-04-09,273.53512468791627
2020-04-10,272.385555163846
2020-04-11,275.0293186596438
2020-04-12,274.6806807544585
2020-04-13,277.79077802820626
2020-04-14,278.833149655356
2020-04-15,277.72513064833896
2020-04-16,277.76194683330476
2020-04-17,285.3735397304572
2020-04-18,279.73828225015995
2020-04-19,282.1594453413628
2020-04-20,271.1289291300062
2020-04-21,271.8864804970361
2020-04-22,274.5387135862652
2020-04-23,273.9934865868004
2020-04-24,275.9121774388367
2020-04-25,273.42980786196404
2020-04-26,278.8887406193354
2020-04-27,272.1806332018988
2020-04-28,271.5703475929229
2020-04-29,272.6691378834609
2020-04-30,279.57156791274656
2020-05-01,276.8184827902775
2020-05-02,272.1296259748595
2020-05-03,272.2169586113958
2020-05-04,278.35407138360284
2020-05-05,275.1247208499837
2020-05-06,274.21715801035015
2020-05-07,276.27804820659713
2020-05-08,276.44995006935653
2020-05-09,279.2686528543966
2020-05-10,280.7721330652266
2020-05-11,282.1696293995215
2020-05-12,281.09506651612094
2020-05-13,277.39084775636104
2020-05-14,274.90279515827746
2020-05-15,278.949125476909
2020-05-16,273.9491257638882
2020-05-17,272.9475345832835
2020-05-18,273.9214436352644
2020-05-19,274.3720819252879
2020-05-20,272.80133278074305
2020-05-21,285.9133114094005
2020-05-22,291.2035059936293
2020-05-23,283.098275779855
2020-05-24,273.99307535274573
2020-05-25,273.3887966563209
2020-05-26,274.91417918572677
2020-05-27,276.82205889024493
2020-05-28,279.26982843841625
2020-05-29,278.7230319047839
2020-05-30,280.5693207412701
2020-05-31,284.21913744882585
2020-06-01,275.5454267284076
2020-06-02,273.38528536024944
2020-06-03,272.7253590484398
2020-06-04,273.7588292153465
2020-06-05,274.2061840604581
2020-06-06,275.04300052219645
2020-06-07,276.614880245059
2020-06-08,274.93253561809223
2020-06-09,274.1305823747129
2020-06-10,278.22046253030385
2020-06-11,281.5373639625154
2020-06-12,279.4255748394533
2020-06-13,273.1744642361295
2020-06-14,273.901451119196
2020-06-15,275.51486408534197
2020-06-16,287.06616408007517
2020-06-17,283.3610204800817
2020-06-18,276.90712825365654
2020-06-19,277.61355115955
2020-06-20,277.01340767401695
2020-06-21,283.1836347790362
2020-06-22,286.1709779951318
2020-06-23,288.6172846141463
2020-06-24,280.54099570620616
2020-06-25,274.64559846972986
2020-06-26,272.33193196223027
2020-06-27,271.6579438221241
2020-06-28,272.6550658809488
2020-06-29,273.4256494417862
2020-06-30,273.36954686200653
2020-07-01,275.4831840377571
2020-07-02,276.0717639589878
2020-07-03,278.8152137602318
2020-07-04,280.78905087900193
2020-07-05,280.0161292120679
2020-07-06,273.4875014522665
2020-07-07,272.23399147025117
2020-07-08,273.23618103411366
2020-07-09,276.13587636193756
2020-07-10,278.90343498828884
2020-07-11,276.1591361818585
2020-07-12,274.4175492805315
2020-07-13,277.3162373374809
2020-07-14,275.6431158090745
2020-07-15,272.7556723775019
2020-07-16,278.55184435243166
2020-07-17,280.05104479519315
2020-07-18,275.8869077736703
2020-07-19,274.89229584354274
2020-07-20,281.0892155895791
2020-07-21,280.1655126459389
2020-07-22,275.90146767717664
2020-07-23,273.5706616924575
2020-07-24,274.074732043033
2020-07-25,275.6207989426368
2020-07-26,272.7206381458401
2020-07-27,272.5943324884462
2020-07-28,272.9360501257911
2020-07-29,272.9669834722568
2020-07-30,273.86534664422504
2020-07-31,280.59120273855984
2020-08-01,277.577042465513
2020-08-02,280.06720073049974
2020-08-03,272.3872077254835
2020-08-04,285.6985860503439
2020-08-05,275.3632396227205
2020-08-06,271.5402512463374
2020-08-07,274.12940714370495
2020-08-08,270.54943177440407
2020-08-09,271.39949803966
2020-08-10,275.6636975112318
2020-08-11,271.45205388876576
2020-08-12,271.86697983944117
2020-08-13,272.2227503637184
2020-08-14,272.34436098591726
2020-08-15,272.53641601157534
2020-08-16,271.7055258557576
2020-08-17,271.4416233232208
2020-08-18,274.0039083305817
2020-08-19,273.26979095447285
2020-08-20,271.26590965502714
2020-08-21,271.00692201486663
2020-08-22,270.8781633530867
2020-08-23,270.6631508834819
2020-08-24,272.69999219691243
2020-08-25,273.1492354248324
2020-08-26,274.50395251544353
2020-08-27,277.8089172040602
2020-08-28,279.33923776960904
2020-08-29,270.82035165414806
2020-08-30,271.99472525790884
2020-08-31,273.5788367423253
2020-09-01,270.12529616179313
2020-09-02,270.13134330231503
2020-09-03,271.32991542021574
2020-09-04,273.4905300610251
2020-09-05,272.0945103497965
2020-09-06,270.73914870242805
2020-09-07,270.9865294407323
2020-09-08,271.47581579821303
2020-09-09,271.23233308953667
2020-09-10,274.7244785631516
2020-09-11,281.07128065439457
2020-09-12,279.71668171741646
2020-09-13,274.6086492026558
2020-09-14,279.28241603324574
2020-09-15,279.1423723308756
2020-09-16,276.8391191255425
2020-09-17,275.0787855825748
2020-09-18,276.17383897555385
2020-09-19,274.3898879120173
2020-09-20,273.16404486292765
2020-09-21,271.754777686863
2020-09-22,270.6219517866878
2020-09-23,272.0844951779595
2020-09-24,270.9802593343209
2020-09-25,271.5052410135817
2020-09-26,272.0180691487111
2020-09-27,270.99735383536836
2020-09-28,270.21496313362576
2020-09-29,270.60897858751605
2020-09-30,274.2915702679037
2020-10-01,278.9362647401034
2020-10-02,270.40525836703074
2020-10-03,270.1150729382284
2020-10-04,271.01344930518025
2020-10-05,270.5171925655777
2020-10-06,272.99710047998207
2020-10-07,276.19631372815286
2020-10-08,280.80568482791597
2020-10-09,278.6810551966841
2020-10-10,275.7637949146131
2020-10-11,274.8122492137089
2020-10-12,272.9079419876413
2020-10-13,283.9683503506488
2020-10-14,279.4686555220818
2020-10-15,287.0350317078984
2020-10-16,278.9510378648044
2020-10-17,273.6683590140593
2020-10-18,272.44034426567976
2020-10-19,279.0371341209199
2020-10-20,274.2563058969774
2020-10-21,283.2327072689685
2020-10-22,278.906488827176
2020-10-23,276.23006567262894
2020-10-24,286.11322323534307
2020-10-25,277.4185587120216
2020-10-26,278.14318619470083
2020-10-27,275.9009262013181
2020-10-28,271.3770237983061
2020-10-29,274.3278042595197
2020-10-30,282.894082997904
2020-10-31,275.7190658787034
2020-11-01,278.42624397887334
2020-11-02,276.0792438564507
2020-11-03,273.45060631367676
2020-11-04,276.84392828351366
2020-11-05,282.36682701932284
2020-11-06,272.49174186642404
2020-11-07,272.32884788518305
2020-11-08,271.01763550282897
2020-11-09,275.60082884175574
2020-11-10,272.24829525240426
2020-11-11,272.84669728464985
2020-11-12,270.54236459124655
2020-11-13,272.2396101128194
2020-11-14,272.8316619641397
2020-11-15,273.09216759099553
2020-11-16,283.30363754223737
2020-11-17,276.75422966536524
2020-11-18,289.69009886307873
2020-11-19,273.9184793374178
2020-11-20,275.01172949957953
2020-11-21,280.1209713336485
2020-11-22,279.8564077683411
2020-11-23,287.84722594172433
2020-11-24,277.4954212578567
2020-11-25,277.54319264466875
2020-11-26,272.9144868680507
2020-11-27,275.1919275975768
2020-11-28,272.4047385280237
2020-11-29,270.2335935770555
2020-11-30,270.4525563022601
2020-12-01,273.8185419387554
2020-12-02,270.21323486211054
2020-12-03,272.93663916858975
2020-12-04,277.42047574881616
2020-12-05,275.0115764883646
2020-12-06,279.9188817692893
2020-12-07,281.44957205900016
2020-12-08,271.10341670591487
2020-12-09,270.88922994687164
2020-12-10,270.65078866020286
2020-12-11,271.0778445128432
2020-12-12,270.65333988656437
2020-12-13,271.79875942758963
2020-12-14,277.42143114827206
2020-12-15,272.58389410382176
2020-12-16,282.3037019187096
2020-12-17,276.88756621025124
2020-12-18,271.9349323793003
2020-12-19,277.5320926157868
2020-12-20,289.11817716927175
2020-12-21,276.87189460765586
2020-12-22,273.9629389018601
2020-12-23,272.44778329173766
2020-12-24,276.9037623471492
2020-12-25,275.5609427797915
2020-12-26,288.5620649419552
2020-12-27,274.15349038199304
2020-12-28,273.12933932187434
2020-12-29,271.21882448460116
2020-12-30,270.46509381729135
2020-12-31,271.43134791736384
2021-01-01,273.2965241964895
2021-01-02,274.43049977813416
2021-01-03,279.73262643711723
2021-01-04,281.4055989132183
2021-01-05,276.23889304276105
2021-01-06,273.22355186773484
2021-01-07,286.8459761153491
2021-01-08,277.63492169807375
2021-01-09,274.9968750841331
2021-01-10,278.7702234898291
2021-01-11,280.62265683641294
2021-01-12,276.52763604099266
2021-01-13,278.64151351969514
2021-01-14,280.7409622444576
2021-01-15,278.32466988480985
2021-01-16,274.60814287212975
2021-01-17,272.5093000995287
2021-01-18,275.7854360292989
2021-01-19,272.3582902536514
2021-01-20,272.6537882520972
2021-01-21,276.7131097208502
2021-01-22,277.28944643188214
2021-01-23,275.7977059002422
2021-01-24,273.9814743840835
2021-01-25,272.82440249906074
2021-01-26,276.4469062260881
2021-01-27,277.75251355367453
2021-01-28,276.22706765561077
2021-01-29,276.10444338069493
2021-01-30,285.19969976360034
2021-01-31,281.4974202708061
2021-02-01,273.49890440153234
2021-02-02,274.17002741823086
2021-02-03,278.22545185738466
2021-02-04,277.3471516426554
2021-02-05,287.4063035259581
2021-02-06,280.93399201317544
2021-02-07,284.1024849646458
2021-02-08,284.1678484126652
2021-02-09,298.39290910397165
2021-02-10,288.9737438638235
2021-02-11,279.59908973556793
2021-02-12,285.19378287489485
2021-02-13,283.7188976985492
2021-02-14,279.64997890989446
2021-02-15,276.3046955280618
2021-02-16,273.85615751977883
2021-02-17,273.1403853658107
2021-02-18,276.12686133704165
2021-02-19,276.35222962643337
2021-02-20,290.65435685341697
2021-02-21,276.3102657852609
2021-02-22,277.05090526843446
2021-02-23,283.99590064969425
2021-02-24,291.5071083932581
2021-02-25,280.9709906799098
2021-02-26,274.7106164445085
2021-02-27,275.708471383579
2021-02-28,272.6439354475683
2021-03-01,281.3363609841909
2021-03-02,287.2685687857252
2021-03-03,278.57916358390855
2021-03-04,285.31534457251047
2021-03-05,277.0763760379713
2021-03-06,280.52995803570866
2021-03-07,274.09828740037665
2021-03-08,276.1069440510971
2021-03-09,280.7069709011644
2021-03-10,273.012339444235
2021-03-11,276.65629361398476
2021-03-12,275.7159273705424
2021-03-13,280.24434676425085
2021-03-14,275.1685948013096
2021-03-15,280.5012868514725
2021-03-16,272.325599631259
2021-03-17,278.2785072945452
2021-03-18,274.54520486647647
2021-03-19,273.4151937844687
2021-03-20,275.45833524312246
2021-03-21,275.8213375637973
2021-03-22,275.29256019846264
2021-03-23,277.59637859741673
2021-03-24,273.58925910909346
2021-03-25,276.5074552087095
2021-03-26,271.81236464474455
2021-03-27,278.63135040085467
2021-03-28,278.0350347412695
2021-03-29,276.1105701686993
2021-03-30,275.5278053729465
2021-03-31,287.94956268050737
2021-04-01,277.6853959502564
2021-04-02,279.40499672454126
2021-04-03,280.96353284383014
2021-04-04,279.321153511252
2021-04-05,280.83156809012087
2021-04-06,272.5534180981613
2021-04-07,277.1332785131815
2021-04-08,278.42385072415874
2021-04-09,274.9159174119146
2021-04-10,276.261982602137
2021-04-11,276.522469522045
2021-04-12,286.30335416789575
2021-04-13,279.78193614188393
2021-04-14,276.0607978672198
2021-04-15,280.2264381963175
2021-04-16,286.0485319870596
2021-04-17,289.404551619204
2021-04-18,274.7812224245703
2021-04-19,278.7091872156355
2021-04-20,276.4430134014124
2021-04-21,282.8813657748959
2021-04-22,280.2110265852124
2021-04-23,280.1892769199603
2021-04-24,284.86063648465614
2021-04-25,279.05208501961795
2021-04-26,281.4233293799034
2021-04-27,272.25298667762155
2021-04-28,271.78451564943924
2021-04-29,275.34603851116765
2021-04-30,282.76257019917034
2021-05-01,273.18923905238
2021-05-02,272.13388538287626
2021-05-03,280.4405632462036
2021-05-04,272.1978380584393
2021-05-05,274.9635963276176
2021-05-06,274.4853990903192
2021-05-07,275.27975189830414
2021-05-08,273.006529358799
2021-05-09,280.862971592202
2021-05-10,282.934095199253
2021-05-11,278.76521029795555
2021-05-12,278.92001185168573
2021-05-13,275.6939036868641
2021-05-14,271.2474723243417
2021-05-15,279.3718504646425
2021-05-16,273.8858193324102
2021-05-17,271.1987756331163
2021-05-18,273.8346489155934
2021-05-19,275.7992696767006
2021-05-20,275.27649148375224
2021-05-21,276.54194007277965
2021-05-22,285.738288229193
2021-05-23,278.7773981913392
2021-05-24,272.81384455458766
2021-05-25,279.2491105540142
2021-05-26,278.67473995055377
2021-05-27,279.4876232027839
2021-05-28,278.2161327533296
2021-05-29,279.9343142496768
2021-05-30,281.33697870183306
2021-05-31,285.79429170551566
2021-06-01,283.74737872195817
2021-06-02,286.46659239598495
2021-06-03,275.8886428876897
2021-06-04,277.25686281794754
2021-06-05,282.5997277734471
2021-06-06,283.27859806803815
2021-06-07,279.96736739258404
2021-06-08,277.93325456058693
2021-06-09,275.3684703269523
2021-06-10,274.173473447
2021-06-11,279.0708613710581
2021-06-12,278.7179572226688
2021-06-13,276.65079445958906
2021-06-14,275.4410282760385
2021-06-15,277.2010993741641
2021-06-16,280.73306534092455
2021-06-17,278.03076779383406
2021-06-18,277.33576859368765
2021-06-19,272.3051199843423
2021-06-20,274.2064409071527
2021-06-21,277.2063537116322
2021-06-22,280.40418921479375
2021-06-23,278.20289621722685
2021-06-24,274.54632090339135
2021-06-25,271.34370818708334
2021-06-26,277.46109319987863
2021-06-27,277.3573450042631
2021-06-28,275.6139962418686
2021-06-29,278.0919808203209
2021-06-30,274.23756348194826
2021-07-01,273.4242402535543
2021-07-02,275.0111180088396
2021-07-03,275.0156307629917
2021-07-04,273.37932440239524
2021-07-05,273.1060361489314
2021-07-06,272.7761533252868
2021-07-07,272.2793878257909
2021-07-08,274.2867256524784
2021-07-09,276.1427859450912
2021-07-10,274.48484107783844
2021-07-11,271.32656007507353
2021-07-12,271.37215853208374
2021-07-13,273.43204508845776
2021-07-14,275.37107255542776
2021-07-15,272.6289477480667
2021-07-16,273.4839404784875
2021-07-17,272.4323511215666
2021-07-18,275.3024129983684
2021-07-19,275.4653624996084
2021-07-20,277.14917357989464
2021-07-21,273.240976970191
2021-07-22,279.3758770485938
2021-07-23,277.98108043947406
2021-07-24,275.30822292348773
2021-07-25,273.28823955187715
2021-07-26,276.6433673653603
2021-07-27,279.3506487870417
2021-07-28,278.52252024012796
2021-07-29,274.00155844598993
2021-07-30,273.2799396530417
2021-07-31,273.302417434865
2021-08-01,272.3839205986592
2021-08-02,280.09120262709274
2021-08-03,276.8372410135105
2021-08-04,276.02396419769764
2021-08-05,271.57246763369466
2021-08-06,270.703408527684
2021-08-07,271.22229526317653
2021-08-08,271.9865132475849
2021-08-09,273.4044502407139
2021-08-10,274.76791510358987
2021-08-11,281.6996641325942
2021-08-12,275.11165428749695
2021-08-13,282.7660748214929
2021-08-14,278.6423265589346
2021-08-15,274.40308370537633
2021-08-16,272.1909681468863
2021-08-17,270.6095937901
2021-08-18,274.9455477700399
2021-08-19,280.85474167346825
2021-08-20,273.45003058611695
2021-08-21,271.78502295210205
2021-08-22,273.1688605674742
2021-08-23,274.60856847254416
2021-08-24,275.46984003920005
2021-08-25,275.6551008725555
2021-08-26,278.5285040681352
2021-08-27,276.79142520228265
2021-08-28,272.83129415199534
2021-08-29,271.049418403036
2021-08-30,272.05862802982034
2021-08-31,271.70822166958476
2021-09-01,271.1492006371425
2021-09-02,271.05586156637554
2021-09-03,272.9427164042779
2021-09-04,275.5782249631956
2021-09-05,274.088393373326
2021-09-06,271.4961652901807
2021-09-07,270.31446060464475
2021-09-08,270.5409350527026
2021-09-09,272.612898643794
2021-09-10,274.4677493503203
2021-09-11,275.7133689329826
2021-09-12,272.3567834076542
2021-09-13,271.57372657097136
2021-09-14,277.83268703647667
2021-09-15,279.4616855200212
2021-09-16,276.3146317595584
2021-09-17,273.27845255853936
2021-09-18,273.2378532294623
2021-09-19,275.65540533761475
2021-09-20,277.0466028873634
2021-09-21,273.94215942448403
2021-09-22,273.5525153710769
2021-09-23,275.3333459535182
2021-09-24,273.4703262560599
2021-09-25,274.91154519636194
2021-09-26,276.0659675642551
2021-09-27,272.81097972386635
2021-09-28,271.7407969182432
2021-09-29,271.21563035032625
2021-09-30,274.18993043563086
2021-10-01,284.66407913933534
2021-10-02,275.15727639616676
2021-10-03,275.3755764932356
2021-10-04,275.08494598158825
2021-10-05,272.58548737329284
2021-10-06,276.0635130920111
2021-10-07,273.1205394767715
2021-10-08,272.94009676204325
2021-10-09,276.8107501477195
2021-10-10,272.84078905343875
2021-10-11,270.8451968578623
2021-10-12,271.55478677842774
2021-10-13,278.48624863642226
2021-10-14,283.596583954235
2021-10-15,274.26770423547714
2021-10-16,272.14759899191733
2021-10-17,271.50811675042036
2021-10-18,274.8258688349607
2021-10-19,272.3557005171306
2021-10-20,271.4691201374893
2021-10-21,273.0471142027752
2021-10-22,278.32392378951243
2021-10-23,271.05966690270765
2021-10-24,279.8065571167904
2021-10-25,275.9568910772811
2021-10-26,276.6362658453293
2021-10-27,273.7195290038676
2021-10-28,272.6307971768333
2021-10-29,278.05230997532715
2021-10-30,275.98174284648456
2021-10-31,274.7954256291543
2021-11-01,273.50213798979195
2021-11-02,277.5381077633933
2021-11-03,281.8537990249808
2021-11-04,275.6445082180754
2021-11-05,286.58037332461583
2021-11-06,278.439125138135
2021-11-07,272.546772381325
2021-11-08,270.66411782347393
2021-11-09,281.7361616875218
2021-11-10,282.0222818541035
2021-11-11,274.12463840828025
2021-11-12,271.5984510609284
2021-11-13,271.65016275725634
2021-11-14,270.60279514584704
2021-11-15,271.5043569635309
2021-11-16,276.68561827512593
2021-11-17,272.6184067351737
2021-11-18,284.5421217961641
2021-11-19,278.53325674805194
2021-11-20,280.77553542588805
2021-11-21,281.4297390000531
2021-11-22,280.0683105023496
2021-11-23,291.12664184753316
2021-11-24,284.5699940591819
2021-11-25,279.4558036688006
2021-11-26,276.61149854347246
2021-11-27,272.2516049890413
2021-11-28,273.376581158492
2021-11-29,272.19941309820985
2021-11-30,281.6017348311226
2021-12-01,275.9819280659007
2021-12-02,271.3943580985514
2021-12-03,272.788346380854
2021-12-04,276.1429073781498
2021-12-05,273.10431038490844
2021-12-06,275.73048755120465
2021-12-07,273.9322274204062
2021-12-08,271.85677073500096
2021-12-09,270.37872617305567
2021-12-10,271.1869869410112
2021-12-11,270.7397992567246
2021-12-12,276.5493321688328
2021-12-13,275.7208501263599
2021-12-14,278.41166535605237
2021-12-15,274.6562720139439
2021-12-16,272.5334755183061
2021-12-17,279.1431743928162
2021-12-18,271.26684227420446
2021-12-19,271.1975236599289
2021-12-20,277.9558923221619
2021-12-21,273.9844208313628
2021-12-22,275.83714018340856
2021-12-23,271.87301720452353
2021-12-24,274.2867599658346
2021-12-25,271.251818669359
2021-12-26,283.0389007986149
2021-12-27,272.70252051933824
2021-12-28,277.9581759464885
2021-12-29,270.8035171613459
2021-12-30,271.7947124353606
2021-12-31,273.62195086600286
2022-01-01,273.49098658279223
2022-01-02,274.53343817271605
2022-01-03,278.9407931863875
2022-01-04,283.21002911053836
2022-01-05,280.3218834856798
2022-01-06,285.0354807975301
2022-01-07,291.65895460280564
2022-01-08,289.3859818696176
2022-01-09,284.2702401849762
2022-01-10,284.60791875614154
2022-01-11,282.5422444799054
2022-01-12,276.05595390854216
2022-01-13,275.24602657784425
2022-01-14,287.69184887647225
2022-01-15,272.9804443406652
2022-01-16,278.3285110426573
2022-01-17,273.6236826532301
2022-01-18,276.5358812492518
2022-01-19,274.52339868450076
2022-01-20,274.56687180527
2022-01-21,270.61251619251163
2022-01-22,273.2037182126464
2022-01-23,272.6835768635487
2022-01-24,271.068363303107
2022-01-25,270.85696888627143
2022-01-26,274.7731606065089
2022-01-27,276.15999184237046
2022-01-28,281.9654572708895
2022-01-29,280.590312315673
2022-01-30,287.1649069009167
2022-01-31,284.54060230026334
2022-02-01,282.42447056861647
2022-02-02,283.5585112602201
2022-02-03,282.7786365701247
2022-02-04,279.15175579909186
2022-02-05,281.1498790269791
2022-02-06,275.1836470059246
2022-02-07,280.1402425746419
2022-02-08,277.6596312270299
2022-02-09,288.47948581338795
2022-02-10,279.5683821406625
2022-02-11,273.3690592754523
2022-02-12,282.69118975045325
2022-02-13,288.9106536593439
2022-02-14,288.0184108435178
2022-02-15,279.3360536228148
2022-02-16,276.455909063775
2022-02-17,275.2821357454354
2022-02-18,277.42721728443814
2022-02-19,272.6003206256869
2022-02-20,279.01457839155694
2022-02-21,276.1180692198572
2022-02-22,281.214594296972
2022-02-23,286.4493358024925
2022-02-24,289.34878512143325
2022-02-25,278.82736872299057
2022-02-26,277.81130876505034
2022-02-27,277.27980976197296
2022-02-28,276.7537767523729
2022-03-01,277.5078378129745
2022-03-02,283.21013512299464
2022-03-03,279.76428593749455
2022-03-04,288.0378076144493
2022-03-05,277.9725909303796
2022-03-06,274.3926892305207
2022-03-07,274.49304297764184
2022-03-08,271.85013642541844
2022-03-09,281.6345538922813
2022-03-10,272.08006038935076
2022-03-11,274.41660838874316
2022-03-12,275.45006651582185
2022-03-13,273.2691428000158
2022-03-14,272.3414042377073
2022-03-15,273.7292441175053
2022-03-16,276.5521117688177
2022-03-17,273.6251268828563
2022-03-18,272.1289283409891
2022-03-19,271.29335797561833
2022-03-20,275.08982733586896
2022-03-21,271.6659096477412
2022-03-22,271.28082719618004
2022-03-23,271.30534288931307
2022-03-24,270.91462199949694
2022-03-25,272.7755524915318
2022-03-26,272.2718418143734
2022-03-27,278.76122124565205
2022-03-28,277.14636892739406
2022-03-29,271.28134124236203
2022-03-30,272.63483294056846
2022-03-31,289.37205571715504
2022-04-01,278.30521673719
2022-04-02,278.756487568461
2022-04-03,283.04278082105816
2022-04-04,278.5908913186114
2022-04-05,279.8598984067205
2022-04-06,271.32886181224956
2022-04-07,271.58889612137733
2022-04-08,271.72115994487984
2022-04-09,272.00887705945763
2022-04-10,272.5368487742787
2022-04-11,276.950696104433
2022-04-12,274.67384333397814
2022-04-13,276.96363287878387
2022-04-14,277.67644230331155
2022-04-15,280.7532115244568
2022-04-16,281.47285364888035
2022-04-17,279.66413936886636
2022-04-18,271.5436899116146
2022-04-19,270.6415037941603
2022-04-20,270.46252919574994
2022-04-21,272.8485955755515
2022-04-22,274.8134190185086
2022-04-23,273.9929487401972
2022-04-24,274.1055699959352
2022-04-25,279.0019711087173
2022-04-26,285.13138491300975
2022-04-27,280.37842064179716
2022-04-28,277.87628724013945
2022-04-29,276.0801708958156
2022-04-30,281.976093207814
2022-05-01,276.674211157927
2022-05-02,272.9602587404517
2022-05-03,271.0874814998383
2022-05-04,277.7243701341536
2022-05-05,277.5906712605999
2022-05-06,277.0744793027507
2022-05-07,275.2382124757692
2022-05-08,273.14921569905937
2022-05-09,278.07289445976903
2022-05-10,283.8833255076939
2022-05-11,280.6926272818422
2022-05-12,278.98011193071164
2022-05-13,274.91974583553446
2022-05-14,273.1282778734629
2022-05-15,277.93173039179305
2022-05-16,279.2474129343479
2022-05-17,273.03261549194224
2022-05-18,276.63386841201856
2022-05-19,279.59097752301994
2022-05-20,273.32212219443966
2022-05-21,276.1502018028844
2022-05-22,286.58848380444414
2022-05-23,278.6743332155155
2022-05-24,276.8830856105459
2022-05-25,273.21069440996746
2022-05-26,275.04026776572505
2022-05-27,278.1853471660313
2022-05-28,280.2493593867771
2022-05-29,281.3989917389244
2022-05-30,284.223447152696
2022-05-31,284.9730534210809
2022-06-01,278.0936557859583
2022-06-02,277.3343982455464
2022-06-03,274.13992282772625
2022-06-04,274.04495400360963
2022-06-05,276.7598501646932
2022-06-06,277.96879026088243
2022-06-07,281.1979766368973
2022-06-08,275.2689815033388
2022-06-09,270.87593163824084
2022-06-10,273.9655853116851
2022-06-11,282.4207814085448
2022-06-12,275.93653542276815
2022-06-13,272.78034084624045
2022-06-14,276.6486097715219
2022-06-15,278.1058867647111
2022-06-16,278.7150612976001
2022-06-17,278.4092354478841
2022-06-18,276.3436810909732
2022-06-19,271.7124653414087
2022-06-20,272.36735946193767
2022-06-21,271.68189776730014
2022-06-22,274.7221809184758
2022-06-23,277.4968002014809
2022-06-24,277.6647716373388
2022-06-25,277.33553341732664
2022-06-26,274.3692230041964
2022-06-27,277.68114838408445
2022-06-28,276.01261367103103
2022-06-29,274.73284701632434
2022-06-30,273.2766256740874
2022-07-01,272.1849223672599
2022-07-02,272.1434274625076
2022-07-03,271.25222973492305
2022-07-04,272.3327023015445
2022-07-05,274.6150308188592
2022-07-06,277.36483266855436
2022-07-07,279.1768313942279
2022-07-08,274.58948238755045
2022-07-09,278.3233856492671
2022-07-10,279.496700569107
2022-07-11,274.43857123089487
2022-07-12,279.1009749792991
2022-07-13,282.10425837115355
2022-07-14,275.730032999378
2022-07-15,274.0305364284645
2022-07-16,278.0233970495689
2022-07-17,275.7134662857979
2022-07-18,273.33724404054703
2022-07-19,272.19659169168
2022-07-20,273.326946564073
2022-07-21,276.50265020525273
2022-07-22,280.8714460587196
2022-07-23,283.05748279043866
2022-07-24,277.3597559836508
2022-07-25,275.5549841950157
2022-07-26,274.3519397258561
2022-07-27,275.5143065108429
2022-07-28,277.5754722538487
2022-07-29,272.5821022415468
2022-07-30,272.0177194762121
2022-07-31,274.90957189132905
2022-08-01,273.5868609919769
2022-08-02,276.32531773781284
2022-08-03,274.4298736499722
2022-08-04,278.760241196711
2022-08-05,277.10364163846396
2022-08-06,278.3813750473527
2022-08-07,275.83932481607934
2022-08-08,271.50673893805424
2022-08-09,274.30330566203963
2022-08-10,273.615109829881
2022-08-11,273.23664369316475
2022-08-12,282.2995127490072
2022-08-13,274.48299696146023
2022-08-14,273.74269873669994
2022-08-15,274.0934715160827
2022-08-16,272.6349816279285
2022-08-17,270.89190667863795
2022-08-18,273.6610226791986
2022-08-19,275.4417054020999
2022-08-20,274.44806340930444
2022-08-21,274.89640982533
2022-08-22,272.03103513498564
2022-08-23,274.4457325119746
2022-08-24,279.3004312128061
2022-08-25,275.9878269447466
2022-08-26,278.9733871797544
2022-08-27,274.65970799190507
2022-08-28,277.92181297311083
2022-08-29,280.75499279183305
2022-08-30,273.7657647659803
2022-08-31,271.3166545350726
2022-09-01,270.0514516293729
2022-09-02,270.38400123349743
2022-09-03,270.3890273129079
2022-09-04,271.57237087347335
2022-09-05,270.45955327516265
2022-09-06,270.07270602432084
2022-09-07,269.9505680704156
2022-09-08,270.3958309022415
2022-09-09,271.1402915325306
2022-09-10,276.0117876916378
2022-09-11,271.1443893916652
2022-09-12,270.93960826083526
2022-09-13,271.5998484184087
2022-09-14,276.9504793387816
2022-09-15,277.2428468812813
2022-09-16,273.6813193790602
2022-09-17,272.805995254732
2022-09-18,272.30784111567993
2022-09-19,271.55737672564715
2022-09-20,271.512957260613
2022-09-21,276.95218476615594
2022-09-22,272.0204672599487
2022-09-23,270.9515348447158
2022-09-24,271.0594038191874
2022-09-25,272.302555321011
2022-09-26,273.7000082541931
2022-09-27,270.45515267485433
2022-09-28,271.62396729092137
2022-09-29,277.4546437027865
2022-09-30,284.85405291640177
2022-10-01,283.1734251592331
2022-10-02,272.57948846079563
2022-10-03,270.43846302453164
2022-10-04,270.6012450279714
2022-10-05,271.1204366249357
2022-10-06,271.2060268201675
2022-10-07,273.4153562861566
2022-10-08,272.706483456879
2022-10-09,277.6466495599981
2022-10-10,283.0386699569079
2022-10-11,276.00866637821537
2022-10-12,278.77489053334114
2022-10-13,283.9486007163611
2022-10-14,280.0080755655631
2022-10-15,272.0705092384823
2022-10-16,276.5687882205367
2022-10-17,280.9240488609762
2022-10-18,276.6676756063126
2022-10-19,272.28560728947303
2022-10-20,272.61573233415754
2022-10-21,272.95724919209175
2022-10-22,270.22436402089943
2022-10-23,270.8994873350509
2022-10-24,274.8033721311785
2022-10-25,271.6424146404199
2022-10-26,270.3524664664207
2022-10-27,270.10839495384647
2022-10-28,270.8282373498994
2022-10-29,270.193627932611
2022-10-30,272.39400450980696
2022-10-31,271.88439177254577
2022-11-01,272.2641155424776
2022-11-02,275.64268592454454
2022-11-03,276.56979871749235
2022-11-04,275.0725235320758
2022-11-05,284.05857437141685
2022-11-06,272.5269485008073
2022-11-07,271.1787335128743
2022-11-08,273.17516169495156
2022-11-09,275.52020155341216
2022-11-10,272.7590921450322
2022-11-11,273.6273061566461
2022-11-12,277.08985552594396
2022-11-13,272.4463210748897
2022-11-14,272.81253810304935
2022-11-15,273.8651558161252
2022-11-16,278.75541298014514
2022-11-17,273.3411260705416
2022-11-18,278.00630134990956
2022-11-19,271.6048633999171
2022-11-20,274.3160121559514
2022-11-21,279.3898013746158
2022-11-22,277.4485706351
2022-11-23,280.03444264234975
2022-11-24,276.7846854678032
2022-11-25,274.8037734783057
2022-11-26,271.18970325602317
2022-11-27,271.323438639849
2022-11-28,270.15520208399874
2022-11-29,270.022296293776
2022-11-30,270.0222170415636
2022-12-01,270.3712868397152
2022-12-02,270.103335445529
2022-12-03,270.02824838063833
2022-12-04,269.9646180319181
2022-12-05,271.4167061985506
2022-12-06,274.71049177696466
2022-12-07,272.7708960604419
2022-12-08,275.8306369407098
2022-12-09,276.5150464353184
2022-12-10,273.7733867374821
2022-12-11,280.6425812894586
2022-12-12,280.4965495657131
2022-12-13,274.21263859389137
2022-12-14,276.45265418304433
2022-12-15,274.8710845871189
2022-12-16,274.71599305897826
2022-12-17,272.96601683923075
2022-12-18,275.5327042340804
2022-12-19,270.4871953191392
2022-12-20,272.45210608717906
2022-12-21,273.64943273552007
2022-12-22,274.14921434847207
2022-12-23,275.2188173774625
2022-12-24,284.0694181130973
2022-12-25,275.702927233437
2022-12-26,273.5131729011565
2022-12-27,272.3804135105907
2022-12-28,276.56772558493424
2022-12-29,283.4855105662896
2022-12-30,274.625210595615
2022-12-31,278.49026840903485
2023-01-01,282.1969926224802
2023-01-02,278.33756998616155
2023-01-03,283.99622466783563
2023-01-04,295.18598717644215
2023-01-05,291.87521301876654
2023-01-06,277.7928255756874
2023-01-07,294.896530197278
2023-01-08,279.0643834500062
2023-01-09,281.1177682570399
2023-01-10,294.0016999930269
2023-01-11,290.7886456487152
2023-01-12,280.3938468917281
2023-01-13,284.35896397658297
2023-01-14,284.0609111530513
2023-01-15,279.7277842248327
2023-01-16,274.7952607013648
2023-01-17,272.39491272953273
2023-01-18,283.45633546863235
2023-01-19,281.2638402578085
2023-01-20,282.78722469798566
2023-01-21,273.35381821651174
2023-01-22,277.7876373222173
2023-01-23,279.3897992423875
2023-01-24,271.9171952045143
2023-01-25,277.9897379597794
2023-01-26,274.68757023153046
2023-01-27,277.0187752534858
2023-01-28,282.6272231922019
2023-01-29,276.7554431377891
2023-01-30,286.8931140758753
2023-01-31,283.23081044151667
2023-02-01,281.7744665920512
2023-02-02,276.74348085441375
2023-02-03,281.99862511979603
2023-02-04,277.4316903636987
2023-02-05,278.66559130645254
2023-02-06,273.7168186899873
2023-02-07,281.57882234868106
2023-02-08,284.0074900284445
2023-02-09,295.74642071316543
2023-02-10,279.6184149477121
2023-02-11,276.7854426742468
2023-02-12,285.1578046668239
2023-02-13,287.96568560753275
2023-02-14,278.9548402667219
2023-02-15,272.74237956554816
2023-02-16,272.32259297494704
2023-02-17,273.98909026800686
2023-02-18,276.6985682060605
2023-02-19,276.42764423833216
2023-02-20,282.3297381687557
2023-02-21,284.7055209989273
2023-02-22,281.02568645934855
2023-02-23,280.9370335739317
2023-02-24,280.64737578893704
2023-02-25,278.6858237953399
2023-02-26,274.0809528386116
2023-02-27,276.0810419680167
2023-02-28,272.2428842894434
2023-03-01,276.07002104856264
2023-03-02,286.7844212522814
2023-03-03,274.9179109106363
2023-03-04,282.6193199475362
2023-03-05,279.62644048598645
2023-03-06,278.5678300419663
2023-03-07,273.45360151097367
2023-03-08,272.2197493208044
2023-03-09,277.285931605284
2023-03-10,271.68080973230946
2023-03-11,270.92310909624695
2023-03-12,270.8246536922
2023-03-13,271.63853400278066
2023-03-14,271.9279330905317
2023-03-15,271.1233753326834
2023-03-16,271.83205704461807
2023-03-17,272.588417020455
2023-03-18,273.1743722357718
2023-03-19,271.23246666155006
2023-03-20,273.3025176218649
2023-03-21,270.90831041800004
2023-03-22,271.2619257902095
2023-03-23,270.18028419134515
2023-03-24,273.07884929247547
2023-03-25,278.21327569006985
2023-03-26,275.21853126637467
2023-03-27,277.96975277428334
2023-03-28,274.74168931969297
2023-03-29,277.6083675415081
2023-03-30,274.28928963299614
2023-03-31,284.4093888408914
2023-04-01,274.58320132449904
2023-04-02,275.571726151598
2023-04-03,285.41339971704497
2023-04-04,279.35959494109903
2023-04-05,278.28119028399635
2023-04-06,277.61142247212985
2023-04-07,276.5228592622658
2023-04-08,276.1482020503975
2023-04-09,275.1734599433938
2023-04-10,276.5361157030631
2023-04-11,278.756317954824
2023-04-12,275.9314733560953
2023-04-13,277.6058055368602
2023-04-14,273.90107394729756
2023-04-15,277.86274599755654
2023-04-16,278.7162978582867
2023-04-17,280.7051756188583
2023-04-18,279.7303430271975
2023-04-19,273.3554838048129
2023-04-20,271.78369738101156
2023-04-21,281.0787257481036
2023-04-22,282.96205102425785
2023-04-23,277.86012056953115
2023-04-24,275.01770124006754
2023-04-25,278.79790703092084
2023-04-26,286.81793719827505
2023-04-27,279.5711701155493
2023-04-28,277.03254103340726
2023-04-29,275.32666741656624
2023-04-30,280.08744279217575
2023-05-01,274.346625481372
2023-05-02,274.86576791109195
2023-05-03,274.328479295317
2023-05-04,272.71297077388215
2023-05-05,273.08409193059987
2023-05-06,271.28608783441695
2023-05-07,273.99521620344217
2023-05-08,278.48951517285417
2023-05-09,277.8484949835099
2023-05-10,279.61129665856726
2023-05-11,277.9183769498766
2023-05-12,277.0195125896374
2023-05-13,274.1762869452262
2023-05-14,271.4441751209798
2023-05-15,271.0837247532486
2023-05-16,271.7171706535267
2023-05-17,271.53075343634487
2023-05-18,273.4336127919644
2023-05-19,278.1356179601645
2023-05-20,273.93315395918336
2023-05-21,276.37987279834215
2023-05-22,287.3618301474407
2023-05-23,280.57728445321175
2023-05-24,275.0070564783626
2023-05-25,275.5815512235649
2023-05-26,276.381894730841
2023-05-27,276.46485864573543
2023-05-28,278.07435168961774
2023-05-29,286.40112069474026
2023-05-30,285.2248883909658
2023-05-31,291.9388398746273
2023-06-01,280.28070897318696
2023-06-02,274.972026267296
2023-06-03,275.14048077727267
2023-06-04,275.1847723038086
2023-06-05,278.5659531755542
2023-06-06,279.3132605435152
2023-06-07,278.79968927132705
2023-06-08,274.96681037788085
2023-06-09,274.4960393653832
2023-06-10,280.1293119323987
2023-06-11,284.05230879562026
2023-06-12,279.10662577180597
2023-06-13,275.4537412642061
2023-06-14,278.3159745090722
2023-06-15,276.17812589978945
2023-06-16,278.3641012093281
2023-06-17,277.9520240931109
2023-06-18,276.3507579252419
2023-06-19,271.56923256854054
2023-06-20,274.79651245308065
2023-06-21,279.6040186910687
2023-06-22,279.92146559339244
2023-06-23,283.3242479758274
2023-06-24,281.4058885393292
2023-06-25,274.1539948886461
2023-06-26,271.21438814266884
2023-06-27,271.09513764884986
2023-06-28,271.39991705108963
2023-06-29,277.3088450742143
2023-06-30,272.3503287688183
2023-07-01,271.6763896894746
2023-07-02,277.69667760721813
2023-07-03,273.6639228854635
2023-07-04,272.7261725085779
2023-07-05,273.34128523719977
2023-07-06,274.5606293944622
2023-07-07,271.9469884724405
2023-07-08,270.24771550233135
2023-07-09,270.60882223292253
2023-07-10,274.7945348355693
2023-07-11,280.7112098143984
2023-07-12,276.4650982346386
2023-07-13,277.3677711341082
2023-07-14,273.7643821750865
2023-07-15,276.4713571287946
2023-07-16,276.5810149260794
2023-07-17,273.5762634717427
2023-07-18,273.1264042206842
2023-07-19,281.3979638269678
2023-07-20,277.37298083697226
2023-07-21,273.7644100403862
2023-07-22,275.63774816303226
2023-07-23,275.17461950142996
2023-07-24,275.26788951156846
2023-07-25,277.03083195981714
2023-07-26,277.66705807045264
2023-07-27,276.048419239403
2023-07-28,277.145776554614
2023-07-29,273.0025274527917
2023-07-30,273.15709209723025
2023-07-31,276.19674380847044
2023-08-01,277.9668886032726
2023-08-02,278.12508766284384
2023-08-03,276.1390743093802
2023-08-04,281.5067901275606
2023-08-05,276.5917770009472
2023-08-06,272.99675705454666
2023-08-07,272.75171512979676
2023-08-08,272.7369272069192
2023-08-09,271.49231034338567
2023-08-10,271.1594763805894
2023-08-11,270.6072209568387
2023-08-12,270.84087377454097
2023-08-13,272.55750334824575
2023-08-14,279.2811476201816
2023-08-15,279.2587952954897
2023-08-16,274.2658652877625
2023-08-17,270.4960697888823
2023-08-18,271.494150772849
2023-08-19,270.4024814115818
2023-08-20,271.0718161117497
2023-08-21,271.9625200090047
2023-08-22,271.21868420539806
2023-08-23,270.85656276158335
2023-08-24,272.2708254438152
2023-08-25,275.37767179339244
2023-08-26,275.2826783469674
2023-08-27,274.1234404297494
2023-08-28,271.96186345289743
2023-08-29,272.55111282793
2023-08-30,272.23438674438256
2023-08-31,271.48757532756696
2023-09-01,271.1111046278991
2023-09-02,272.5737130573955
2023-09-03,273.20326139248834
2023-09-04,277.987002266312
2023-09-05,274.26678138485397
2023-09-06,271.0703340500464
2023-09-07,270.8756874797512
2023-09-08,270.34920794792885
2023-09-09,270.47067940249207
2023-09-10,271.16212872147196
2023-09-11,270.76660682363325
2023-09-12,271.3982019609736
2023-09-13,273.1318150530542
2023-09-14,277.2162808137963
2023-09-15,282.7159150318961
2023-09-16,276.71512649117767
2023-09-17,283.74282796851753
2023-09-18,282.21694099007465
2023-09-19,272.2302534793338
2023-09-20,275.6681013281746
2023-09-21,271.00106856885947
2023-09-22,270.39317692647944
2023-09-23,270.19954156874803
2023-09-24,272.02342943040816
2023-09-25,272.0571635126779
2023-09-26,270.9351914048762
2023-09-27,270.36673249912695
2023-09-28,279.6541347867823
2023-09-29,283.79403078484467
2023-09-30,281.94453911330646
2023-10-01,280.9811290234883
2023-10-02,270.3614096627898
2023-10-03,270.59391202884245
2023-10-04,271.3484034378803
2023-10-05,270.88668822466616
2023-10-06,271.22064853069486
2023-10-07,270.1013576528317
2023-10-08,270.06997272595356
2023-10-09,270.4277262944975
2023-10-10,270.43073483842227
2023-10-11,272.2615834259221
2023-10-12,271.9249936174293
2023-10-13,275.91444975845417
2023-10-14,279.0995103391694
2023-10-15,280.7407504025403
2023-10-16,273.605265288161
2023-10-17,274.54582609305976
2023-10-18,271.75444645914587
2023-10-19,275.31413256804655
2023-10-20,282.6771502439017
2023-10-21,275.1534538681728
2023-10-22,272.5437423037979
2023-10-23,271.8705936091143
2023-10-24,276.18960004233986
2023-10-25,272.9921005480378
2023-10-26,271.294930868875
2023-10-27,270.43785520085976
2023-10-28,270.5630856622819
2023-10-29,272.73887737008545
2023-10-30,273.7156915436601
2023-10-31,282.84058228255884
2023-11-01,280.3569662833107
2023-11-02,270.9696264738709
2023-11-03,273.11077767661396
2023-11-04,281.4917033735272
2023-11-05,282.21622790601276
2023-11-06,281.15088514941425
2023-11-07,277.7036696742499
2023-11-08,274.08621944259124
2023-11-09,281.7326174901631
2023-11-10,279.67794505939366
2023-11-11,275.90636431879204
2023-11-12,271.8804464988515
2023-11-13,272.5015166627819
2023-11-14,272.6555625046984
2023-11-15,273.1289919270144
2023-11-16,278.0629192424168
2023-11-17,275.57907427049787
2023-11-18,280.32218472185895
2023-11-19,273.32084423521763
2023-11-20,275.1621831246995
2023-11-21,280.1346664270367
2023-11-22,284.4242004127903
2023-11-23,281.65015412130447
2023-11-24,279.26871817750737
2023-11-25,281.9705797213352
2023-11-26,273.63658643430034
2023-11-27,272.33426798840475
2023-11-28,275.23144887820416
2023-11-29,273.56127193779383
2023-11-30,270.1845756918976
2023-12-01,270.4598269459021
2023-12-02,270.1691425893399
2023-12-03,270.93334039436763
2023-12-04,270.17441002084973
2023-12-05,271.1568273068493
2023-12-06,277.65084855856156
2023-12-07,274.41889404781665
2023-12-08,272.6996769805812
2023-12-09,271.29710595408045
2023-12-10,270.9834205118951
2023-12-11,271.49566847715676
2023-12-12,271.86029901294967
2023-12-13,272.584190055849
2023-12-14,272.6732623644375
2023-12-15,271.4982074608142
2023-12-16,278.5353129013214
2023-12-17,279.1258207970081
2023-12-18,272.5566906636719
2023-12-19,277.069161849051
2023-12-20,274.19625886311
2023-12-21,271.8370172863979
2023-12-22,275.0888441151812
2023-12-23,270.2112705359809
2023-12-24,273.71998991693647
2023-12-25,273.55152461833165
2023-12-26,280.887057462215
2023-12-27,275.8748269336847
2023-12-28,276.5758412538935
2023-12-29,281.466980321726
2023-12-30,279.77844851448015
2023-12-31,272.7876794510564
